v1,v2,text,label_url_v1,label_url_v2
/data/luonghc/benchmark_zalotts_v2/compare_231127/version1/s0_vf0.wav,/data/luonghc/benchmark_zalotts_v2/compare_231127/version0/s0_vf0.wav,Chính vì thế mà tôi vất vả.,https://api.zalo.ai/ailab_video/label_supplier/tts_compare//data/luonghc/benchmark_zalotts_v2/compare_231127/version1/s0_vf0.wav,https://api.zalo.ai/ailab_video/label_supplier/tts_compare//data/luonghc/benchmark_zalotts_v2/compare_231127/version0/s0_vf0.wav
/data/luonghc/benchmark_zalotts_v2/compare_231127/version1/s1_vf0.wav,/data/luonghc/benchmark_zalotts_v2/compare_231127/version0/s1_vf0.wav,Tiếp cận với biên giới của Liên bang Nga.,https://api.zalo.ai/ailab_video/label_supplier/tts_compare//data/luonghc/benchmark_zalotts_v2/compare_231127/version1/s1_vf0.wav,https://api.zalo.ai/ailab_video/label_supplier/tts_compare//data/luonghc/benchmark_zalotts_v2/compare_231127/version0/s1_vf0.wav
/data/luonghc/benchmark_zalotts_v2/compare_231127/version0/s2_vf0.wav,/data/luonghc/benchmark_zalotts_v2/compare_231127/version1/s2_vf0.wav,Nhưng bù lại tôi thấy vui và thỏa mãn.,https://api.zalo.ai/ailab_video/label_supplier/tts_compare//data/luonghc/benchmark_zalotts_v2/compare_231127/version0/s2_vf0.wav,https://api.zalo.ai/ailab_video/label_supplier/tts_compare//data/luonghc/benchmark_zalotts_v2/compare_231127/version1/s2_vf0.wav
/data/luonghc/benchmark_zalotts_v2/compare_231127/version0/s3_vf0.wav,/data/luonghc/benchmark_zalotts_v2/compare_231127/version1/s3_vf0.wav,"Khi về nhà, tôi làm mọi việc rất nhanh.",https://api.zalo.ai/ailab_video/label_supplier/tts_compare//data/luonghc/benchmark_zalotts_v2/compare_231127/version0/s3_vf0.wav,https://api.zalo.ai/ailab_video/label_supplier/tts_compare//data/luonghc/benchmark_zalotts_v2/compare_231127/version1/s3_vf0.wav
/data/luonghc/benchmark_zalotts_v2/compare_231127/version0/s4_vf0.wav,/data/luonghc/benchmark_zalotts_v2/compare_231127/version1/s4_vf0.wav,Bí quyết của tôi là sự gọn gàng.,https://api.zalo.ai/ailab_video/label_supplier/tts_compare//data/luonghc/benchmark_zalotts_v2/compare_231127/version0/s4_vf0.wav,https://api.zalo.ai/ailab_video/label_supplier/tts_compare//data/luonghc/benchmark_zalotts_v2/compare_231127/version1/s4_vf0.wav
/data/luonghc/benchmark_zalotts_v2/compare_231127/version1/s5_vm2.wav,/data/luonghc/benchmark_zalotts_v2/compare_231127/version0/s5_vm2.wav,Hướng các em làm theo lẽ phải.,https://api.zalo.ai/ailab_video/label_supplier/tts_compare//data/luonghc/benchmark_zalotts_v2/compare_231127/version1/s5_vm2.wav,https://api.zalo.ai/ailab_video/label_supplier/tts_compare//data/luonghc/benchmark_zalotts_v2/compare_231127/version0/s5_vm2.wav
/data/luonghc/benchmark_zalotts_v2/compare_231127/version0/s6_vm2.wav,/data/luonghc/benchmark_zalotts_v2/compare_231127/version1/s6_vm2.wav,Khi càng gắn bó tôi càng thấy yêu nghề này.,https://api.zalo.ai/ailab_video/label_supplier/tts_compare//data/luonghc/benchmark_zalotts_v2/compare_231127/version0/s6_vm2.wav,https://api.zalo.ai/ailab_video/label_supplier/tts_compare//data/luonghc/benchmark_zalotts_v2/compare_231127/version1/s6_vm2.wav
/data/luonghc/benchmark_zalotts_v2/compare_231127/version1/s7_vm2.wav,/data/luonghc/benchmark_zalotts_v2/compare_231127/version0/s7_vm2.wav,Những nhà giáo mặc áo lính như chúng tôi.,https://api.zalo.ai/ailab_video/label_supplier/tts_compare//data/luonghc/benchmark_zalotts_v2/compare_231127/version1/s7_vm2.wav,https://api.zalo.ai/ailab_video/label_supplier/tts_compare//data/luonghc/benchmark_zalotts_v2/compare_231127/version0/s7_vm2.wav
/data/luonghc/benchmark_zalotts_v2/compare_231127/version1/s8_vm2.wav,/data/luonghc/benchmark_zalotts_v2/compare_231127/version0/s8_vm2.wav,Hy vọng đội tuyển sẽ giành kết quả tốt.,https://api.zalo.ai/ailab_video/label_supplier/tts_compare//data/luonghc/benchmark_zalotts_v2/compare_231127/version1/s8_vm2.wav,https://api.zalo.ai/ailab_video/label_supplier/tts_compare//data/luonghc/benchmark_zalotts_v2/compare_231127/version0/s8_vm2.wav
/data/luonghc/benchmark_zalotts_v2/compare_231127/version0/s9_vm2.wav,/data/luonghc/benchmark_zalotts_v2/compare_231127/version1/s9_vm2.wav,Hoa Kỳ phải chịu trách nhiệm về mọi thứ.,https://api.zalo.ai/ailab_video/label_supplier/tts_compare//data/luonghc/benchmark_zalotts_v2/compare_231127/version0/s9_vm2.wav,https://api.zalo.ai/ailab_video/label_supplier/tts_compare//data/luonghc/benchmark_zalotts_v2/compare_231127/version1/s9_vm2.wav
/data/luonghc/benchmark_zalotts_v2/compare_231127/version1/s10_vm3.wav,/data/luonghc/benchmark_zalotts_v2/compare_231127/version0/s10_vm3.wav,Tôi luôn ý thức với lời nói trên mạng.,https://api.zalo.ai/ailab_video/label_supplier/tts_compare//data/luonghc/benchmark_zalotts_v2/compare_231127/version1/s10_vm3.wav,https://api.zalo.ai/ailab_video/label_supplier/tts_compare//data/luonghc/benchmark_zalotts_v2/compare_231127/version0/s10_vm3.wav
/data/luonghc/benchmark_zalotts_v2/compare_231127/version0/s11_vm3.wav,/data/luonghc/benchmark_zalotts_v2/compare_231127/version1/s11_vm3.wav,Truyền đạt tri thức và đạo lý làm người.,https://api.zalo.ai/ailab_video/label_supplier/tts_compare//data/luonghc/benchmark_zalotts_v2/compare_231127/version0/s11_vm3.wav,https://api.zalo.ai/ailab_video/label_supplier/tts_compare//data/luonghc/benchmark_zalotts_v2/compare_231127/version1/s11_vm3.wav
/data/luonghc/benchmark_zalotts_v2/compare_231127/version1/s12_vm3.wav,/data/luonghc/benchmark_zalotts_v2/compare_231127/version0/s12_vm3.wav,Đến tận nhà thuyết phục học trò đi học.,https://api.zalo.ai/ailab_video/label_supplier/tts_compare//data/luonghc/benchmark_zalotts_v2/compare_231127/version1/s12_vm3.wav,https://api.zalo.ai/ailab_video/label_supplier/tts_compare//data/luonghc/benchmark_zalotts_v2/compare_231127/version0/s12_vm3.wav
/data/luonghc/benchmark_zalotts_v2/compare_231127/version1/s13_vm3.wav,/data/luonghc/benchmark_zalotts_v2/compare_231127/version0/s13_vm3.wav,Tôi dạy hai môn chính là tiếng Việt và toán.,https://api.zalo.ai/ailab_video/label_supplier/tts_compare//data/luonghc/benchmark_zalotts_v2/compare_231127/version1/s13_vm3.wav,https://api.zalo.ai/ailab_video/label_supplier/tts_compare//data/luonghc/benchmark_zalotts_v2/compare_231127/version0/s13_vm3.wav
/data/luonghc/benchmark_zalotts_v2/compare_231127/version1/s14_vm3.wav,/data/luonghc/benchmark_zalotts_v2/compare_231127/version0/s14_vm3.wav,Hiện tại có mười đến mười lăm em theo học.,https://api.zalo.ai/ailab_video/label_supplier/tts_compare//data/luonghc/benchmark_zalotts_v2/compare_231127/version1/s14_vm3.wav,https://api.zalo.ai/ailab_video/label_supplier/tts_compare//data/luonghc/benchmark_zalotts_v2/compare_231127/version0/s14_vm3.wav
/data/luonghc/benchmark_zalotts_v2/compare_231127/version0/s15_vf4.wav,/data/luonghc/benchmark_zalotts_v2/compare_231127/version1/s15_vf4.wav,Nhiều sinh viên cũng đến phụ cô dạy các em.,https://api.zalo.ai/ailab_video/label_supplier/tts_compare//data/luonghc/benchmark_zalotts_v2/compare_231127/version0/s15_vf4.wav,https://api.zalo.ai/ailab_video/label_supplier/tts_compare//data/luonghc/benchmark_zalotts_v2/compare_231127/version1/s15_vf4.wav
/data/luonghc/benchmark_zalotts_v2/compare_231127/version0/s16_vf4.wav,/data/luonghc/benchmark_zalotts_v2/compare_231127/version1/s16_vf4.wav,Bao nhiêu đó là tôi thấy đủ ấm lòng.,https://api.zalo.ai/ailab_video/label_supplier/tts_compare//data/luonghc/benchmark_zalotts_v2/compare_231127/version0/s16_vf4.wav,https://api.zalo.ai/ailab_video/label_supplier/tts_compare//data/luonghc/benchmark_zalotts_v2/compare_231127/version1/s16_vf4.wav
/data/luonghc/benchmark_zalotts_v2/compare_231127/version0/s17_vf4.wav,/data/luonghc/benchmark_zalotts_v2/compare_231127/version1/s17_vf4.wav,Mỗi đối thủ có lối chơi khác nhau.,https://api.zalo.ai/ailab_video/label_supplier/tts_compare//data/luonghc/benchmark_zalotts_v2/compare_231127/version0/s17_vf4.wav,https://api.zalo.ai/ailab_video/label_supplier/tts_compare//data/luonghc/benchmark_zalotts_v2/compare_231127/version1/s17_vf4.wav
/data/luonghc/benchmark_zalotts_v2/compare_231127/version0/s18_vf4.wav,/data/luonghc/benchmark_zalotts_v2/compare_231127/version1/s18_vf4.wav,Ngoài giảng dạy chúng tôi cũng phục vụ quân đội.,https://api.zalo.ai/ailab_video/label_supplier/tts_compare//data/luonghc/benchmark_zalotts_v2/compare_231127/version0/s18_vf4.wav,https://api.zalo.ai/ailab_video/label_supplier/tts_compare//data/luonghc/benchmark_zalotts_v2/compare_231127/version1/s18_vf4.wav
/data/luonghc/benchmark_zalotts_v2/compare_231127/version1/s19_vf4.wav,/data/luonghc/benchmark_zalotts_v2/compare_231127/version0/s19_vf4.wav,Trước đây mới sống với nhau thì không đúng lắm.,https://api.zalo.ai/ailab_video/label_supplier/tts_compare//data/luonghc/benchmark_zalotts_v2/compare_231127/version1/s19_vf4.wav,https://api.zalo.ai/ailab_video/label_supplier/tts_compare//data/luonghc/benchmark_zalotts_v2/compare_231127/version0/s19_vf4.wav
/data/luonghc/benchmark_zalotts_v2/compare_231127/version1/s20_vf0.wav,/data/luonghc/benchmark_zalotts_v2/compare_231127/version0/s20_vf0.wav,"Ông Tư phụ trách dạy các em nhỏ, bà Tư dạy những em lớn hơn.",https://api.zalo.ai/ailab_video/label_supplier/tts_compare//data/luonghc/benchmark_zalotts_v2/compare_231127/version1/s20_vf0.wav,https://api.zalo.ai/ailab_video/label_supplier/tts_compare//data/luonghc/benchmark_zalotts_v2/compare_231127/version0/s20_vf0.wav
/data/luonghc/benchmark_zalotts_v2/compare_231127/version0/s21_vf0.wav,/data/luonghc/benchmark_zalotts_v2/compare_231127/version1/s21_vf0.wav,"Ngày Nhà giáo Việt Nam, em thường nhắn tin chúc mừng tôi.",https://api.zalo.ai/ailab_video/label_supplier/tts_compare//data/luonghc/benchmark_zalotts_v2/compare_231127/version0/s21_vf0.wav,https://api.zalo.ai/ailab_video/label_supplier/tts_compare//data/luonghc/benchmark_zalotts_v2/compare_231127/version1/s21_vf0.wav
/data/luonghc/benchmark_zalotts_v2/compare_231127/version0/s22_vf0.wav,/data/luonghc/benchmark_zalotts_v2/compare_231127/version1/s22_vf0.wav,Cô Uyên tận dụng căn gác rộng khoảng hai mươi mét vuông để mở lớp.,https://api.zalo.ai/ailab_video/label_supplier/tts_compare//data/luonghc/benchmark_zalotts_v2/compare_231127/version0/s22_vf0.wav,https://api.zalo.ai/ailab_video/label_supplier/tts_compare//data/luonghc/benchmark_zalotts_v2/compare_231127/version1/s22_vf0.wav
/data/luonghc/benchmark_zalotts_v2/compare_231127/version0/s23_vf0.wav,/data/luonghc/benchmark_zalotts_v2/compare_231127/version1/s23_vf0.wav,"Từ lớp học của cô, nhiều học trò đã ra đời và thành công.",https://api.zalo.ai/ailab_video/label_supplier/tts_compare//data/luonghc/benchmark_zalotts_v2/compare_231127/version0/s23_vf0.wav,https://api.zalo.ai/ailab_video/label_supplier/tts_compare//data/luonghc/benchmark_zalotts_v2/compare_231127/version1/s23_vf0.wav
/data/luonghc/benchmark_zalotts_v2/compare_231127/version1/s24_vf0.wav,/data/luonghc/benchmark_zalotts_v2/compare_231127/version0/s24_vf0.wav,Sau khi gắn bó với lớp học tình thương khoảng mười chín năm.,https://api.zalo.ai/ailab_video/label_supplier/tts_compare//data/luonghc/benchmark_zalotts_v2/compare_231127/version1/s24_vf0.wav,https://api.zalo.ai/ailab_video/label_supplier/tts_compare//data/luonghc/benchmark_zalotts_v2/compare_231127/version0/s24_vf0.wav
/data/luonghc/benchmark_zalotts_v2/compare_231127/version1/s25_vf0.wav,/data/luonghc/benchmark_zalotts_v2/compare_231127/version0/s25_vf0.wav,"Ban đầu, tôi từ chối vì không có bằng sư phạm.",https://api.zalo.ai/ailab_video/label_supplier/tts_compare//data/luonghc/benchmark_zalotts_v2/compare_231127/version1/s25_vf0.wav,https://api.zalo.ai/ailab_video/label_supplier/tts_compare//data/luonghc/benchmark_zalotts_v2/compare_231127/version0/s25_vf0.wav
/data/luonghc/benchmark_zalotts_v2/compare_231127/version0/s26_vf0.wav,/data/luonghc/benchmark_zalotts_v2/compare_231127/version1/s26_vf0.wav,Hy vọng các học trò trở thành người có ích cho xã hội.,https://api.zalo.ai/ailab_video/label_supplier/tts_compare//data/luonghc/benchmark_zalotts_v2/compare_231127/version0/s26_vf0.wav,https://api.zalo.ai/ailab_video/label_supplier/tts_compare//data/luonghc/benchmark_zalotts_v2/compare_231127/version1/s26_vf0.wav
/data/luonghc/benchmark_zalotts_v2/compare_231127/version0/s27_vf0.wav,/data/luonghc/benchmark_zalotts_v2/compare_231127/version1/s27_vf0.wav,Cô Thiết phải đến tận nhà thuyết phục cha mẹ các em.,https://api.zalo.ai/ailab_video/label_supplier/tts_compare//data/luonghc/benchmark_zalotts_v2/compare_231127/version0/s27_vf0.wav,https://api.zalo.ai/ailab_video/label_supplier/tts_compare//data/luonghc/benchmark_zalotts_v2/compare_231127/version1/s27_vf0.wav
/data/luonghc/benchmark_zalotts_v2/compare_231127/version0/s28_vf0.wav,/data/luonghc/benchmark_zalotts_v2/compare_231127/version1/s28_vf0.wav,Nhưng giờ đây tôi tự thấy mình thay đổi rất nhiều.,https://api.zalo.ai/ailab_video/label_supplier/tts_compare//data/luonghc/benchmark_zalotts_v2/compare_231127/version0/s28_vf0.wav,https://api.zalo.ai/ailab_video/label_supplier/tts_compare//data/luonghc/benchmark_zalotts_v2/compare_231127/version1/s28_vf0.wav
/data/luonghc/benchmark_zalotts_v2/compare_231127/version0/s29_vf0.wav,/data/luonghc/benchmark_zalotts_v2/compare_231127/version1/s29_vf0.wav,Chính sự thay đổi đó khiến chồng tôi cũng thay đổi.,https://api.zalo.ai/ailab_video/label_supplier/tts_compare//data/luonghc/benchmark_zalotts_v2/compare_231127/version0/s29_vf0.wav,https://api.zalo.ai/ailab_video/label_supplier/tts_compare//data/luonghc/benchmark_zalotts_v2/compare_231127/version1/s29_vf0.wav
/data/luonghc/benchmark_zalotts_v2/compare_231127/version0/s30_vm2.wav,/data/luonghc/benchmark_zalotts_v2/compare_231127/version1/s30_vm2.wav,Chỗ nào không hiểu tôi đều có thể nhờ sự trợ giúp từ chồng.,https://api.zalo.ai/ailab_video/label_supplier/tts_compare//data/luonghc/benchmark_zalotts_v2/compare_231127/version0/s30_vm2.wav,https://api.zalo.ai/ailab_video/label_supplier/tts_compare//data/luonghc/benchmark_zalotts_v2/compare_231127/version1/s30_vm2.wav
/data/luonghc/benchmark_zalotts_v2/compare_231127/version1/s31_vm2.wav,/data/luonghc/benchmark_zalotts_v2/compare_231127/version0/s31_vm2.wav,Sau khi trải qua những thăng trầm trong cuộc sống hôn nhân.,https://api.zalo.ai/ailab_video/label_supplier/tts_compare//data/luonghc/benchmark_zalotts_v2/compare_231127/version1/s31_vm2.wav,https://api.zalo.ai/ailab_video/label_supplier/tts_compare//data/luonghc/benchmark_zalotts_v2/compare_231127/version0/s31_vm2.wav
/data/luonghc/benchmark_zalotts_v2/compare_231127/version1/s32_vm2.wav,/data/luonghc/benchmark_zalotts_v2/compare_231127/version0/s32_vm2.wav,Mình cứ làm đâu gọn đó mọi việc sẽ đâu vào đấy.,https://api.zalo.ai/ailab_video/label_supplier/tts_compare//data/luonghc/benchmark_zalotts_v2/compare_231127/version1/s32_vm2.wav,https://api.zalo.ai/ailab_video/label_supplier/tts_compare//data/luonghc/benchmark_zalotts_v2/compare_231127/version0/s32_vm2.wav
/data/luonghc/benchmark_zalotts_v2/compare_231127/version1/s33_vm2.wav,/data/luonghc/benchmark_zalotts_v2/compare_231127/version0/s33_vm2.wav,Tôi ý thức được rằng đó là việc cần thiết và nên làm.,https://api.zalo.ai/ailab_video/label_supplier/tts_compare//data/luonghc/benchmark_zalotts_v2/compare_231127/version1/s33_vm2.wav,https://api.zalo.ai/ailab_video/label_supplier/tts_compare//data/luonghc/benchmark_zalotts_v2/compare_231127/version0/s33_vm2.wav
/data/luonghc/benchmark_zalotts_v2/compare_231127/version1/s34_vm2.wav,/data/luonghc/benchmark_zalotts_v2/compare_231127/version0/s34_vm2.wav,Tất cả những điều đó ít nhiều đều mang lại thêm thu nhập.,https://api.zalo.ai/ailab_video/label_supplier/tts_compare//data/luonghc/benchmark_zalotts_v2/compare_231127/version1/s34_vm2.wav,https://api.zalo.ai/ailab_video/label_supplier/tts_compare//data/luonghc/benchmark_zalotts_v2/compare_231127/version0/s34_vm2.wav
/data/luonghc/benchmark_zalotts_v2/compare_231127/version0/s35_vm2.wav,/data/luonghc/benchmark_zalotts_v2/compare_231127/version1/s35_vm2.wav,Tôi vinh dự vì là một thành viên của mái trường này.,https://api.zalo.ai/ailab_video/label_supplier/tts_compare//data/luonghc/benchmark_zalotts_v2/compare_231127/version0/s35_vm2.wav,https://api.zalo.ai/ailab_video/label_supplier/tts_compare//data/luonghc/benchmark_zalotts_v2/compare_231127/version1/s35_vm2.wav
/data/luonghc/benchmark_zalotts_v2/compare_231127/version1/s36_vm2.wav,/data/luonghc/benchmark_zalotts_v2/compare_231127/version0/s36_vm2.wav,"Người thầy, người cô được ví như những kỹ sư tâm hồn.",https://api.zalo.ai/ailab_video/label_supplier/tts_compare//data/luonghc/benchmark_zalotts_v2/compare_231127/version1/s36_vm2.wav,https://api.zalo.ai/ailab_video/label_supplier/tts_compare//data/luonghc/benchmark_zalotts_v2/compare_231127/version0/s36_vm2.wav
/data/luonghc/benchmark_zalotts_v2/compare_231127/version1/s37_vm2.wav,/data/luonghc/benchmark_zalotts_v2/compare_231127/version0/s37_vm2.wav,Mỗi người có cách riêng để thể hiện tình yêu của mình với đối phương.,https://api.zalo.ai/ailab_video/label_supplier/tts_compare//data/luonghc/benchmark_zalotts_v2/compare_231127/version1/s37_vm2.wav,https://api.zalo.ai/ailab_video/label_supplier/tts_compare//data/luonghc/benchmark_zalotts_v2/compare_231127/version0/s37_vm2.wav
/data/luonghc/benchmark_zalotts_v2/compare_231127/version1/s38_vm2.wav,/data/luonghc/benchmark_zalotts_v2/compare_231127/version0/s38_vm2.wav,Nghề giáo là nghề nghiệp tạo ra môi trường hướng thiện nhiều nhất. ,https://api.zalo.ai/ailab_video/label_supplier/tts_compare//data/luonghc/benchmark_zalotts_v2/compare_231127/version1/s38_vm2.wav,https://api.zalo.ai/ailab_video/label_supplier/tts_compare//data/luonghc/benchmark_zalotts_v2/compare_231127/version0/s38_vm2.wav
/data/luonghc/benchmark_zalotts_v2/compare_231127/version0/s39_vm2.wav,/data/luonghc/benchmark_zalotts_v2/compare_231127/version1/s39_vm2.wav,Phó giám đốc một chi nhánh ngân hàng bất ngờ bị bảo vệ đánh.,https://api.zalo.ai/ailab_video/label_supplier/tts_compare//data/luonghc/benchmark_zalotts_v2/compare_231127/version0/s39_vm2.wav,https://api.zalo.ai/ailab_video/label_supplier/tts_compare//data/luonghc/benchmark_zalotts_v2/compare_231127/version1/s39_vm2.wav
/data/luonghc/benchmark_zalotts_v2/compare_231127/version0/s40_vm3.wav,/data/luonghc/benchmark_zalotts_v2/compare_231127/version1/s40_vm3.wav,Người đàn ông được bà Trương Mỹ Lan tin tưởng giao quản lý.,https://api.zalo.ai/ailab_video/label_supplier/tts_compare//data/luonghc/benchmark_zalotts_v2/compare_231127/version0/s40_vm3.wav,https://api.zalo.ai/ailab_video/label_supplier/tts_compare//data/luonghc/benchmark_zalotts_v2/compare_231127/version1/s40_vm3.wav
/data/luonghc/benchmark_zalotts_v2/compare_231127/version1/s41_vm3.wav,/data/luonghc/benchmark_zalotts_v2/compare_231127/version0/s41_vm3.wav,Phải gác lại ước mơ đến trường để lao vào kiếm sống khi còn nhỏ.,https://api.zalo.ai/ailab_video/label_supplier/tts_compare//data/luonghc/benchmark_zalotts_v2/compare_231127/version1/s41_vm3.wav,https://api.zalo.ai/ailab_video/label_supplier/tts_compare//data/luonghc/benchmark_zalotts_v2/compare_231127/version0/s41_vm3.wav
/data/luonghc/benchmark_zalotts_v2/compare_231127/version1/s42_vm3.wav,/data/luonghc/benchmark_zalotts_v2/compare_231127/version0/s42_vm3.wav,"Bên cạnh các môn thực hành tôi có thể dạy lý luận, viết báo.",https://api.zalo.ai/ailab_video/label_supplier/tts_compare//data/luonghc/benchmark_zalotts_v2/compare_231127/version1/s42_vm3.wav,https://api.zalo.ai/ailab_video/label_supplier/tts_compare//data/luonghc/benchmark_zalotts_v2/compare_231127/version0/s42_vm3.wav
/data/luonghc/benchmark_zalotts_v2/compare_231127/version0/s43_vm3.wav,/data/luonghc/benchmark_zalotts_v2/compare_231127/version1/s43_vm3.wav,Xung quanh chợ Long Thành có rất đông xe ba gác bán các mặt hàng.,https://api.zalo.ai/ailab_video/label_supplier/tts_compare//data/luonghc/benchmark_zalotts_v2/compare_231127/version0/s43_vm3.wav,https://api.zalo.ai/ailab_video/label_supplier/tts_compare//data/luonghc/benchmark_zalotts_v2/compare_231127/version1/s43_vm3.wav
/data/luonghc/benchmark_zalotts_v2/compare_231127/version0/s44_vm3.wav,/data/luonghc/benchmark_zalotts_v2/compare_231127/version1/s44_vm3.wav,Các cầu thủ đã sẵn sàng và sẽ cố gắng để đạt kết quả tốt.,https://api.zalo.ai/ailab_video/label_supplier/tts_compare//data/luonghc/benchmark_zalotts_v2/compare_231127/version0/s44_vm3.wav,https://api.zalo.ai/ailab_video/label_supplier/tts_compare//data/luonghc/benchmark_zalotts_v2/compare_231127/version1/s44_vm3.wav
/data/luonghc/benchmark_zalotts_v2/compare_231127/version1/s45_vm3.wav,/data/luonghc/benchmark_zalotts_v2/compare_231127/version0/s45_vm3.wav,Các em có thể học lên cao hơn nếu có điều kiện.,https://api.zalo.ai/ailab_video/label_supplier/tts_compare//data/luonghc/benchmark_zalotts_v2/compare_231127/version1/s45_vm3.wav,https://api.zalo.ai/ailab_video/label_supplier/tts_compare//data/luonghc/benchmark_zalotts_v2/compare_231127/version0/s45_vm3.wav
/data/luonghc/benchmark_zalotts_v2/compare_231127/version0/s46_vm3.wav,/data/luonghc/benchmark_zalotts_v2/compare_231127/version1/s46_vm3.wav,"Nhiều nhà hảo tâm tìm đến để hỗ trợ, chung tay giúp cô mở lớp.",https://api.zalo.ai/ailab_video/label_supplier/tts_compare//data/luonghc/benchmark_zalotts_v2/compare_231127/version0/s46_vm3.wav,https://api.zalo.ai/ailab_video/label_supplier/tts_compare//data/luonghc/benchmark_zalotts_v2/compare_231127/version1/s46_vm3.wav
/data/luonghc/benchmark_zalotts_v2/compare_231127/version1/s47_vm3.wav,/data/luonghc/benchmark_zalotts_v2/compare_231127/version0/s47_vm3.wav,Tôi tham gia dạy ở lớp học tình thương để xóa mù chữ.,https://api.zalo.ai/ailab_video/label_supplier/tts_compare//data/luonghc/benchmark_zalotts_v2/compare_231127/version1/s47_vm3.wav,https://api.zalo.ai/ailab_video/label_supplier/tts_compare//data/luonghc/benchmark_zalotts_v2/compare_231127/version0/s47_vm3.wav
/data/luonghc/benchmark_zalotts_v2/compare_231127/version1/s48_vm3.wav,/data/luonghc/benchmark_zalotts_v2/compare_231127/version0/s48_vm3.wav,"Năm mười tám tuổi, khi đang là cán bộ công tác tại phường An Cư.",https://api.zalo.ai/ailab_video/label_supplier/tts_compare//data/luonghc/benchmark_zalotts_v2/compare_231127/version1/s48_vm3.wav,https://api.zalo.ai/ailab_video/label_supplier/tts_compare//data/luonghc/benchmark_zalotts_v2/compare_231127/version0/s48_vm3.wav
/data/luonghc/benchmark_zalotts_v2/compare_231127/version1/s49_vm3.wav,/data/luonghc/benchmark_zalotts_v2/compare_231127/version0/s49_vm3.wav,"Cuộc sống đã tương đối ổn định, anh Hoàng vẫn thường về thăm cô.",https://api.zalo.ai/ailab_video/label_supplier/tts_compare//data/luonghc/benchmark_zalotts_v2/compare_231127/version1/s49_vm3.wav,https://api.zalo.ai/ailab_video/label_supplier/tts_compare//data/luonghc/benchmark_zalotts_v2/compare_231127/version0/s49_vm3.wav
/data/luonghc/benchmark_zalotts_v2/compare_231127/version1/s50_vf4.wav,/data/luonghc/benchmark_zalotts_v2/compare_231127/version0/s50_vf4.wav,"Hạnh phúc nhất là khi nhìn thấy học trò biết đọc, biết viết.",https://api.zalo.ai/ailab_video/label_supplier/tts_compare//data/luonghc/benchmark_zalotts_v2/compare_231127/version1/s50_vf4.wav,https://api.zalo.ai/ailab_video/label_supplier/tts_compare//data/luonghc/benchmark_zalotts_v2/compare_231127/version0/s50_vf4.wav
/data/luonghc/benchmark_zalotts_v2/compare_231127/version0/s51_vf4.wav,/data/luonghc/benchmark_zalotts_v2/compare_231127/version1/s51_vf4.wav,"Khoảng bốn năm sau, cô được về dạy tại Trường Tiểu học Lê Quý Đôn.",https://api.zalo.ai/ailab_video/label_supplier/tts_compare//data/luonghc/benchmark_zalotts_v2/compare_231127/version0/s51_vf4.wav,https://api.zalo.ai/ailab_video/label_supplier/tts_compare//data/luonghc/benchmark_zalotts_v2/compare_231127/version1/s51_vf4.wav
/data/luonghc/benchmark_zalotts_v2/compare_231127/version1/s52_vf4.wav,/data/luonghc/benchmark_zalotts_v2/compare_231127/version0/s52_vf4.wav,"Tính tôi cầu toàn, chỉnh chu cho nên làm việc gì tôi cũng tận tâm.",https://api.zalo.ai/ailab_video/label_supplier/tts_compare//data/luonghc/benchmark_zalotts_v2/compare_231127/version1/s52_vf4.wav,https://api.zalo.ai/ailab_video/label_supplier/tts_compare//data/luonghc/benchmark_zalotts_v2/compare_231127/version0/s52_vf4.wav
/data/luonghc/benchmark_zalotts_v2/compare_231127/version1/s53_vf4.wav,/data/luonghc/benchmark_zalotts_v2/compare_231127/version0/s53_vf4.wav,Thậm chí có những lúc chúng tôi còn khóc cười trên sàn diễn.,https://api.zalo.ai/ailab_video/label_supplier/tts_compare//data/luonghc/benchmark_zalotts_v2/compare_231127/version1/s53_vf4.wav,https://api.zalo.ai/ailab_video/label_supplier/tts_compare//data/luonghc/benchmark_zalotts_v2/compare_231127/version0/s53_vf4.wav
/data/luonghc/benchmark_zalotts_v2/compare_231127/version1/s54_vf4.wav,/data/luonghc/benchmark_zalotts_v2/compare_231127/version0/s54_vf4.wav,Tôi có nhiều cơ hội cộng tác giảng dạy thêm với các trường bên ngoài.,https://api.zalo.ai/ailab_video/label_supplier/tts_compare//data/luonghc/benchmark_zalotts_v2/compare_231127/version1/s54_vf4.wav,https://api.zalo.ai/ailab_video/label_supplier/tts_compare//data/luonghc/benchmark_zalotts_v2/compare_231127/version0/s54_vf4.wav
/data/luonghc/benchmark_zalotts_v2/compare_231127/version1/s55_vf4.wav,/data/luonghc/benchmark_zalotts_v2/compare_231127/version0/s55_vf4.wav,"Nhờ sự giúp đỡ của các mạnh thường quân, lớp học được xây mới lại.",https://api.zalo.ai/ailab_video/label_supplier/tts_compare//data/luonghc/benchmark_zalotts_v2/compare_231127/version1/s55_vf4.wav,https://api.zalo.ai/ailab_video/label_supplier/tts_compare//data/luonghc/benchmark_zalotts_v2/compare_231127/version0/s55_vf4.wav
/data/luonghc/benchmark_zalotts_v2/compare_231127/version0/s56_vf4.wav,/data/luonghc/benchmark_zalotts_v2/compare_231127/version1/s56_vf4.wav,"Hy vọng các em biết đọc, biết viết và làm những phép tính đơn giản.",https://api.zalo.ai/ailab_video/label_supplier/tts_compare//data/luonghc/benchmark_zalotts_v2/compare_231127/version0/s56_vf4.wav,https://api.zalo.ai/ailab_video/label_supplier/tts_compare//data/luonghc/benchmark_zalotts_v2/compare_231127/version1/s56_vf4.wav
/data/luonghc/benchmark_zalotts_v2/compare_231127/version0/s57_vf4.wav,/data/luonghc/benchmark_zalotts_v2/compare_231127/version1/s57_vf4.wav,Cái tâm của người thầy sáng mới có thể khiến học trò luôn nể trọng. ,https://api.zalo.ai/ailab_video/label_supplier/tts_compare//data/luonghc/benchmark_zalotts_v2/compare_231127/version0/s57_vf4.wav,https://api.zalo.ai/ailab_video/label_supplier/tts_compare//data/luonghc/benchmark_zalotts_v2/compare_231127/version1/s57_vf4.wav
/data/luonghc/benchmark_zalotts_v2/compare_231127/version0/s58_vf4.wav,/data/luonghc/benchmark_zalotts_v2/compare_231127/version1/s58_vf4.wav,Tôi khả năng đặc biệt là sắp xếp công việc rất năng động.,https://api.zalo.ai/ailab_video/label_supplier/tts_compare//data/luonghc/benchmark_zalotts_v2/compare_231127/version0/s58_vf4.wav,https://api.zalo.ai/ailab_video/label_supplier/tts_compare//data/luonghc/benchmark_zalotts_v2/compare_231127/version1/s58_vf4.wav
/data/luonghc/benchmark_zalotts_v2/compare_231127/version0/s59_vf4.wav,/data/luonghc/benchmark_zalotts_v2/compare_231127/version1/s59_vf4.wav,"Có rất nhiều kiến thức về lịch sử sân khấu, về chuyên ngành nghệ thuật.",https://api.zalo.ai/ailab_video/label_supplier/tts_compare//data/luonghc/benchmark_zalotts_v2/compare_231127/version0/s59_vf4.wav,https://api.zalo.ai/ailab_video/label_supplier/tts_compare//data/luonghc/benchmark_zalotts_v2/compare_231127/version1/s59_vf4.wav
/data/luonghc/benchmark_zalotts_v2/compare_231127/version1/s60_vf0.wav,/data/luonghc/benchmark_zalotts_v2/compare_231127/version0/s60_vf0.wav,Đã mười hai năm kể từ ngày tôi về giảng dạy tại Đại học Văn hóa Nghệ thuật Quân đội. ,https://api.zalo.ai/ailab_video/label_supplier/tts_compare//data/luonghc/benchmark_zalotts_v2/compare_231127/version1/s60_vf0.wav,https://api.zalo.ai/ailab_video/label_supplier/tts_compare//data/luonghc/benchmark_zalotts_v2/compare_231127/version0/s60_vf0.wav
/data/luonghc/benchmark_zalotts_v2/compare_231127/version1/s61_vf0.wav,/data/luonghc/benchmark_zalotts_v2/compare_231127/version0/s61_vf0.wav,"Từ những ngày đầu bỡ ngỡ cho đến bây giờ, tôi đã trải qua rất nhiều cung bậc cảm xúc.",https://api.zalo.ai/ailab_video/label_supplier/tts_compare//data/luonghc/benchmark_zalotts_v2/compare_231127/version1/s61_vf0.wav,https://api.zalo.ai/ailab_video/label_supplier/tts_compare//data/luonghc/benchmark_zalotts_v2/compare_231127/version0/s61_vf0.wav
/data/luonghc/benchmark_zalotts_v2/compare_231127/version0/s62_vf0.wav,/data/luonghc/benchmark_zalotts_v2/compare_231127/version1/s62_vf0.wav,"Mà đôi khi còn như một người bạn cùng các em chia sẻ cảm xúc, khám phá nội tâm.",https://api.zalo.ai/ailab_video/label_supplier/tts_compare//data/luonghc/benchmark_zalotts_v2/compare_231127/version0/s62_vf0.wav,https://api.zalo.ai/ailab_video/label_supplier/tts_compare//data/luonghc/benchmark_zalotts_v2/compare_231127/version1/s62_vf0.wav
/data/luonghc/benchmark_zalotts_v2/compare_231127/version0/s63_vf0.wav,/data/luonghc/benchmark_zalotts_v2/compare_231127/version1/s63_vf0.wav,Lớp học tình thương là tâm huyết suốt gần ba mươi năm của ông bà Tư.,https://api.zalo.ai/ailab_video/label_supplier/tts_compare//data/luonghc/benchmark_zalotts_v2/compare_231127/version0/s63_vf0.wav,https://api.zalo.ai/ailab_video/label_supplier/tts_compare//data/luonghc/benchmark_zalotts_v2/compare_231127/version1/s63_vf0.wav
/data/luonghc/benchmark_zalotts_v2/compare_231127/version1/s64_vf0.wav,/data/luonghc/benchmark_zalotts_v2/compare_231127/version0/s64_vf0.wav,"Ban đầu tận một trăm ba mươi đứa, mà phòng học xập xệ lắm chứ không được như bây giờ.",https://api.zalo.ai/ailab_video/label_supplier/tts_compare//data/luonghc/benchmark_zalotts_v2/compare_231127/version1/s64_vf0.wav,https://api.zalo.ai/ailab_video/label_supplier/tts_compare//data/luonghc/benchmark_zalotts_v2/compare_231127/version0/s64_vf0.wav
/data/luonghc/benchmark_zalotts_v2/compare_231127/version1/s65_vm2.wav,/data/luonghc/benchmark_zalotts_v2/compare_231127/version0/s65_vm2.wav,Với mong muốn giúp những đứa trẻ thiếu điều kiện đến trường có cơ hội làm quen với con chữ.,https://api.zalo.ai/ailab_video/label_supplier/tts_compare//data/luonghc/benchmark_zalotts_v2/compare_231127/version1/s65_vm2.wav,https://api.zalo.ai/ailab_video/label_supplier/tts_compare//data/luonghc/benchmark_zalotts_v2/compare_231127/version0/s65_vm2.wav
/data/luonghc/benchmark_zalotts_v2/compare_231127/version0/s66_vm2.wav,/data/luonghc/benchmark_zalotts_v2/compare_231127/version1/s66_vm2.wav,Cô Uyên tham gia giảng dạy cho dự án hỗ trợ trẻ em đường phố tại thành phố Cần Thơ.,https://api.zalo.ai/ailab_video/label_supplier/tts_compare//data/luonghc/benchmark_zalotts_v2/compare_231127/version0/s66_vm2.wav,https://api.zalo.ai/ailab_video/label_supplier/tts_compare//data/luonghc/benchmark_zalotts_v2/compare_231127/version1/s66_vm2.wav
/data/luonghc/benchmark_zalotts_v2/compare_231127/version1/s67_vm2.wav,/data/luonghc/benchmark_zalotts_v2/compare_231127/version0/s67_vm2.wav,"Tôi lại nghĩ rằng mình đang đào tạo một thế hệ cho tương lai, cho đất nước.",https://api.zalo.ai/ailab_video/label_supplier/tts_compare//data/luonghc/benchmark_zalotts_v2/compare_231127/version1/s67_vm2.wav,https://api.zalo.ai/ailab_video/label_supplier/tts_compare//data/luonghc/benchmark_zalotts_v2/compare_231127/version0/s67_vm2.wav
/data/luonghc/benchmark_zalotts_v2/compare_231127/version0/s68_vm2.wav,/data/luonghc/benchmark_zalotts_v2/compare_231127/version1/s68_vm2.wav,Tôi có một nguyên tắc trong công việc cũng như các cuộc gặp gỡ bạn bè.,https://api.zalo.ai/ailab_video/label_supplier/tts_compare//data/luonghc/benchmark_zalotts_v2/compare_231127/version0/s68_vm2.wav,https://api.zalo.ai/ailab_video/label_supplier/tts_compare//data/luonghc/benchmark_zalotts_v2/compare_231127/version1/s68_vm2.wav
/data/luonghc/benchmark_zalotts_v2/compare_231127/version0/s69_vm2.wav,/data/luonghc/benchmark_zalotts_v2/compare_231127/version1/s69_vm2.wav,"Thầy Hiền có hiểu biết chuyên sâu về cây lúa, rất kiên nhẫn và nhiệt tình hướng dẫn sinh viên.",https://api.zalo.ai/ailab_video/label_supplier/tts_compare//data/luonghc/benchmark_zalotts_v2/compare_231127/version0/s69_vm2.wav,https://api.zalo.ai/ailab_video/label_supplier/tts_compare//data/luonghc/benchmark_zalotts_v2/compare_231127/version1/s69_vm2.wav
/data/luonghc/benchmark_zalotts_v2/compare_231127/version0/s70_vm3.wav,/data/luonghc/benchmark_zalotts_v2/compare_231127/version1/s70_vm3.wav,"Chỉ với một cái bảng đen, cô Thiết phải dạy cùng lúc ba đối tượng học trò.",https://api.zalo.ai/ailab_video/label_supplier/tts_compare//data/luonghc/benchmark_zalotts_v2/compare_231127/version0/s70_vm3.wav,https://api.zalo.ai/ailab_video/label_supplier/tts_compare//data/luonghc/benchmark_zalotts_v2/compare_231127/version1/s70_vm3.wav
/data/luonghc/benchmark_zalotts_v2/compare_231127/version0/s71_vm3.wav,/data/luonghc/benchmark_zalotts_v2/compare_231127/version1/s71_vm3.wav,Ấn tượng của tôi về thầy không chỉ ở sự hiểu biết mà còn bởi đức tính khiêm tốn.,https://api.zalo.ai/ailab_video/label_supplier/tts_compare//data/luonghc/benchmark_zalotts_v2/compare_231127/version0/s71_vm3.wav,https://api.zalo.ai/ailab_video/label_supplier/tts_compare//data/luonghc/benchmark_zalotts_v2/compare_231127/version1/s71_vm3.wav
/data/luonghc/benchmark_zalotts_v2/compare_231127/version0/s72_vm3.wav,/data/luonghc/benchmark_zalotts_v2/compare_231127/version1/s72_vm3.wav,"Ở cái tuổi xế chiều, hàng ngày ông bà Tư vẫn cần mẫn dạy chữ cho trẻ em nghèo.",https://api.zalo.ai/ailab_video/label_supplier/tts_compare//data/luonghc/benchmark_zalotts_v2/compare_231127/version0/s72_vm3.wav,https://api.zalo.ai/ailab_video/label_supplier/tts_compare//data/luonghc/benchmark_zalotts_v2/compare_231127/version1/s72_vm3.wav
/data/luonghc/benchmark_zalotts_v2/compare_231127/version1/s73_vm3.wav,/data/luonghc/benchmark_zalotts_v2/compare_231127/version0/s73_vm3.wav,Đại học Văn hóa Nghệ thuật Quân đội đã đào tạo ra nhiều thế hệ nghệ sĩ.,https://api.zalo.ai/ailab_video/label_supplier/tts_compare//data/luonghc/benchmark_zalotts_v2/compare_231127/version1/s73_vm3.wav,https://api.zalo.ai/ailab_video/label_supplier/tts_compare//data/luonghc/benchmark_zalotts_v2/compare_231127/version0/s73_vm3.wav
/data/luonghc/benchmark_zalotts_v2/compare_231127/version1/s74_vm3.wav,/data/luonghc/benchmark_zalotts_v2/compare_231127/version0/s74_vm3.wav,Chúng tôi có sự đồng cảm và có thể chia sẻ được vì ít nhiều cũng cùng nghề.,https://api.zalo.ai/ailab_video/label_supplier/tts_compare//data/luonghc/benchmark_zalotts_v2/compare_231127/version1/s74_vm3.wav,https://api.zalo.ai/ailab_video/label_supplier/tts_compare//data/luonghc/benchmark_zalotts_v2/compare_231127/version0/s74_vm3.wav
/data/luonghc/benchmark_zalotts_v2/compare_231127/version0/s75_vf4.wav,/data/luonghc/benchmark_zalotts_v2/compare_231127/version1/s75_vf4.wav,Ngày đó cả hai chúng tôi vẫn còn có những suy nghĩ và hành động theo bản năng nhiều hơn.,https://api.zalo.ai/ailab_video/label_supplier/tts_compare//data/luonghc/benchmark_zalotts_v2/compare_231127/version0/s75_vf4.wav,https://api.zalo.ai/ailab_video/label_supplier/tts_compare//data/luonghc/benchmark_zalotts_v2/compare_231127/version1/s75_vf4.wav
/data/luonghc/benchmark_zalotts_v2/compare_231127/version0/s76_vf4.wav,/data/luonghc/benchmark_zalotts_v2/compare_231127/version1/s76_vf4.wav,"Với lợi thế sân nhà, đội tuyển Việt Nam sẽ có sự tiếp sức của cổ động viên.",https://api.zalo.ai/ailab_video/label_supplier/tts_compare//data/luonghc/benchmark_zalotts_v2/compare_231127/version0/s76_vf4.wav,https://api.zalo.ai/ailab_video/label_supplier/tts_compare//data/luonghc/benchmark_zalotts_v2/compare_231127/version1/s76_vf4.wav
/data/luonghc/benchmark_zalotts_v2/compare_231127/version0/s77_vf4.wav,/data/luonghc/benchmark_zalotts_v2/compare_231127/version1/s77_vf4.wav,Hy vọng tuyển Việt Nam không chỉ đá với mười một cầu thủ mà có cả cổ động viên.,https://api.zalo.ai/ailab_video/label_supplier/tts_compare//data/luonghc/benchmark_zalotts_v2/compare_231127/version0/s77_vf4.wav,https://api.zalo.ai/ailab_video/label_supplier/tts_compare//data/luonghc/benchmark_zalotts_v2/compare_231127/version1/s77_vf4.wav
/data/luonghc/benchmark_zalotts_v2/compare_231127/version0/s78_vf4.wav,/data/luonghc/benchmark_zalotts_v2/compare_231127/version1/s78_vf4.wav,Khiến đối thủ hiểu rằng họ phải đối đầu với áp lực từ số đông khán giả.,https://api.zalo.ai/ailab_video/label_supplier/tts_compare//data/luonghc/benchmark_zalotts_v2/compare_231127/version0/s78_vf4.wav,https://api.zalo.ai/ailab_video/label_supplier/tts_compare//data/luonghc/benchmark_zalotts_v2/compare_231127/version1/s78_vf4.wav
/data/luonghc/benchmark_zalotts_v2/compare_231127/version0/s79_vf4.wav,/data/luonghc/benchmark_zalotts_v2/compare_231127/version1/s79_vf4.wav,"Họ bị lực lượng chức năng đẩy đuổi, thu xe nhưng nếu nộp tiền thì mọi chuyện sẽ yên.",https://api.zalo.ai/ailab_video/label_supplier/tts_compare//data/luonghc/benchmark_zalotts_v2/compare_231127/version0/s79_vf4.wav,https://api.zalo.ai/ailab_video/label_supplier/tts_compare//data/luonghc/benchmark_zalotts_v2/compare_231127/version1/s79_vf4.wav
/data/luonghc/benchmark_zalotts_v2/compare_231127/version1/s80_vf0.wav,/data/luonghc/benchmark_zalotts_v2/compare_231127/version0/s80_vf0.wav,"Cùng là người chiến sĩ quân đội nhân dân và đam mê nghệ thuật sân khấu, nên chúng tôi luôn hỗ trợ cho nhau.",https://api.zalo.ai/ailab_video/label_supplier/tts_compare//data/luonghc/benchmark_zalotts_v2/compare_231127/version1/s80_vf0.wav,https://api.zalo.ai/ailab_video/label_supplier/tts_compare//data/luonghc/benchmark_zalotts_v2/compare_231127/version0/s80_vf0.wav
/data/luonghc/benchmark_zalotts_v2/compare_231127/version0/s81_vf0.wav,/data/luonghc/benchmark_zalotts_v2/compare_231127/version1/s81_vf0.wav,"Học sinh của cô Thiết đa phần là con em gia đình lao động chân tay, có hoàn cảnh khó khăn.",https://api.zalo.ai/ailab_video/label_supplier/tts_compare//data/luonghc/benchmark_zalotts_v2/compare_231127/version0/s81_vf0.wav,https://api.zalo.ai/ailab_video/label_supplier/tts_compare//data/luonghc/benchmark_zalotts_v2/compare_231127/version1/s81_vf0.wav
/data/luonghc/benchmark_zalotts_v2/compare_231127/version0/s82_vf0.wav,/data/luonghc/benchmark_zalotts_v2/compare_231127/version1/s82_vf0.wav,"Những ngày đầu mở lớp, do nhiều phụ huynh từ chối cho con đi học dù đây là lớp học hoàn toàn miễn phí.",https://api.zalo.ai/ailab_video/label_supplier/tts_compare//data/luonghc/benchmark_zalotts_v2/compare_231127/version0/s82_vf0.wav,https://api.zalo.ai/ailab_video/label_supplier/tts_compare//data/luonghc/benchmark_zalotts_v2/compare_231127/version1/s82_vf0.wav
/data/luonghc/benchmark_zalotts_v2/compare_231127/version0/s83_vf0.wav,/data/luonghc/benchmark_zalotts_v2/compare_231127/version1/s83_vf0.wav,Cô còn vận động nhà hảo tâm hỗ trợ dụng cụ học tập để phần nào giảm bớt gánh nặng cho gia đình các em.,https://api.zalo.ai/ailab_video/label_supplier/tts_compare//data/luonghc/benchmark_zalotts_v2/compare_231127/version0/s83_vf0.wav,https://api.zalo.ai/ailab_video/label_supplier/tts_compare//data/luonghc/benchmark_zalotts_v2/compare_231127/version1/s83_vf0.wav
/data/luonghc/benchmark_zalotts_v2/compare_231127/version1/s84_vf0.wav,/data/luonghc/benchmark_zalotts_v2/compare_231127/version0/s84_vf0.wav,Hy vọng các học trò của tôi sẽ nhận được sự yêu thương của các nhà hảo tâm để yên tâm học hành.,https://api.zalo.ai/ailab_video/label_supplier/tts_compare//data/luonghc/benchmark_zalotts_v2/compare_231127/version1/s84_vf0.wav,https://api.zalo.ai/ailab_video/label_supplier/tts_compare//data/luonghc/benchmark_zalotts_v2/compare_231127/version0/s84_vf0.wav
/data/luonghc/benchmark_zalotts_v2/compare_231127/version1/s85_vm2.wav,/data/luonghc/benchmark_zalotts_v2/compare_231127/version0/s85_vm2.wav,"Việc này cũng tạo điều kiện thuận lợi, hỗ trợ cho người dân trong tham gia các hoạt động xã hội.",https://api.zalo.ai/ailab_video/label_supplier/tts_compare//data/luonghc/benchmark_zalotts_v2/compare_231127/version1/s85_vm2.wav,https://api.zalo.ai/ailab_video/label_supplier/tts_compare//data/luonghc/benchmark_zalotts_v2/compare_231127/version0/s85_vm2.wav
/data/luonghc/benchmark_zalotts_v2/compare_231127/version0/s86_vm2.wav,/data/luonghc/benchmark_zalotts_v2/compare_231127/version1/s86_vm2.wav,"Dẫu thiếu thốn, khó khăn, cô Thiết vẫn sẽ gắn bó với lớp học này đến khi sức khỏe không còn cho phép.",https://api.zalo.ai/ailab_video/label_supplier/tts_compare//data/luonghc/benchmark_zalotts_v2/compare_231127/version0/s86_vm2.wav,https://api.zalo.ai/ailab_video/label_supplier/tts_compare//data/luonghc/benchmark_zalotts_v2/compare_231127/version1/s86_vm2.wav
/data/luonghc/benchmark_zalotts_v2/compare_231127/version0/s87_vm2.wav,/data/luonghc/benchmark_zalotts_v2/compare_231127/version1/s87_vm2.wav,"Anh Nguyễn Hoàng cho biết những kiến thức, đạo lý mà cô truyền đạt đã giúp anh tự tin bước vào đời.",https://api.zalo.ai/ailab_video/label_supplier/tts_compare//data/luonghc/benchmark_zalotts_v2/compare_231127/version0/s87_vm2.wav,https://api.zalo.ai/ailab_video/label_supplier/tts_compare//data/luonghc/benchmark_zalotts_v2/compare_231127/version1/s87_vm2.wav
/data/luonghc/benchmark_zalotts_v2/compare_231127/version1/s88_vm2.wav,/data/luonghc/benchmark_zalotts_v2/compare_231127/version0/s88_vm2.wav,"Nhưng sau đó thấy nhiều em có hoàn cảnh khó khăn, không có điều kiện đến trường, tôi lại nhận lời ngay.",https://api.zalo.ai/ailab_video/label_supplier/tts_compare//data/luonghc/benchmark_zalotts_v2/compare_231127/version1/s88_vm2.wav,https://api.zalo.ai/ailab_video/label_supplier/tts_compare//data/luonghc/benchmark_zalotts_v2/compare_231127/version0/s88_vm2.wav
/data/luonghc/benchmark_zalotts_v2/compare_231127/version0/s89_vm2.wav,/data/luonghc/benchmark_zalotts_v2/compare_231127/version1/s89_vm2.wav,"Để có thêm kỹ năng truyền đạt kiến thức, cô Uyên đăng ký học một số lớp nâng cao nghiệp vụ sư phạm.",https://api.zalo.ai/ailab_video/label_supplier/tts_compare//data/luonghc/benchmark_zalotts_v2/compare_231127/version0/s89_vm2.wav,https://api.zalo.ai/ailab_video/label_supplier/tts_compare//data/luonghc/benchmark_zalotts_v2/compare_231127/version1/s89_vm2.wav
/data/luonghc/benchmark_zalotts_v2/compare_231127/version0/s90_vm3.wav,/data/luonghc/benchmark_zalotts_v2/compare_231127/version1/s90_vm3.wav,"Nhìn những gương mặt ngây thơ với nhiều hoàn cảnh đáng thương, tôi càng có thêm động lực để theo nghề.",https://api.zalo.ai/ailab_video/label_supplier/tts_compare//data/luonghc/benchmark_zalotts_v2/compare_231127/version0/s90_vm3.wav,https://api.zalo.ai/ailab_video/label_supplier/tts_compare//data/luonghc/benchmark_zalotts_v2/compare_231127/version1/s90_vm3.wav
/data/luonghc/benchmark_zalotts_v2/compare_231127/version1/s91_vm3.wav,/data/luonghc/benchmark_zalotts_v2/compare_231127/version0/s91_vm3.wav,"Dự án kết thúc nhưng lòng yêu nghề vẫn còn đó, cô quyết định mở lớp dạy miễn phí tại nhà.",https://api.zalo.ai/ailab_video/label_supplier/tts_compare//data/luonghc/benchmark_zalotts_v2/compare_231127/version1/s91_vm3.wav,https://api.zalo.ai/ailab_video/label_supplier/tts_compare//data/luonghc/benchmark_zalotts_v2/compare_231127/version0/s91_vm3.wav
/data/luonghc/benchmark_zalotts_v2/compare_231127/version0/s92_vm3.wav,/data/luonghc/benchmark_zalotts_v2/compare_231127/version1/s92_vm3.wav,Một học trò từng học ở lớp học tình thương của tôi nay đang làm cho một công ty ở nước ngoài.,https://api.zalo.ai/ailab_video/label_supplier/tts_compare//data/luonghc/benchmark_zalotts_v2/compare_231127/version0/s92_vm3.wav,https://api.zalo.ai/ailab_video/label_supplier/tts_compare//data/luonghc/benchmark_zalotts_v2/compare_231127/version1/s92_vm3.wav
/data/luonghc/benchmark_zalotts_v2/compare_231127/version0/s93_vm3.wav,/data/luonghc/benchmark_zalotts_v2/compare_231127/version1/s93_vm3.wav,Ông bà Tư là cái tên thân thương được những đứa trẻ và người dân nơi đây yêu mến đặt cho.,https://api.zalo.ai/ailab_video/label_supplier/tts_compare//data/luonghc/benchmark_zalotts_v2/compare_231127/version0/s93_vm3.wav,https://api.zalo.ai/ailab_video/label_supplier/tts_compare//data/luonghc/benchmark_zalotts_v2/compare_231127/version1/s93_vm3.wav
/data/luonghc/benchmark_zalotts_v2/compare_231127/version1/s94_vm3.wav,/data/luonghc/benchmark_zalotts_v2/compare_231127/version0/s94_vm3.wav,"Ông Tư tên thật là Huỳnh Văn Phê, còn bà Tư là Huỳnh Thị Lành, năm nay cũng đã ngót nghét tắm lăm.",https://api.zalo.ai/ailab_video/label_supplier/tts_compare//data/luonghc/benchmark_zalotts_v2/compare_231127/version1/s94_vm3.wav,https://api.zalo.ai/ailab_video/label_supplier/tts_compare//data/luonghc/benchmark_zalotts_v2/compare_231127/version0/s94_vm3.wav
/data/luonghc/benchmark_zalotts_v2/compare_231127/version1/s95_vf4.wav,/data/luonghc/benchmark_zalotts_v2/compare_231127/version0/s95_vf4.wav,Nếu như bạn đang tìm kiếm một công việc mang đến niềm vui thì nghề giáo sẽ cho bạn tất cả những cảm giác đó.,https://api.zalo.ai/ailab_video/label_supplier/tts_compare//data/luonghc/benchmark_zalotts_v2/compare_231127/version1/s95_vf4.wav,https://api.zalo.ai/ailab_video/label_supplier/tts_compare//data/luonghc/benchmark_zalotts_v2/compare_231127/version0/s95_vf4.wav
/data/luonghc/benchmark_zalotts_v2/compare_231127/version0/s96_vf4.wav,/data/luonghc/benchmark_zalotts_v2/compare_231127/version1/s96_vf4.wav,"Thấy mấy đứa nhỏ không được đến trường, suốt ngày ở nhà chơi đùa nên ông bà Tư nổi máu anh hùng mở lớp dạy.",https://api.zalo.ai/ailab_video/label_supplier/tts_compare//data/luonghc/benchmark_zalotts_v2/compare_231127/version0/s96_vf4.wav,https://api.zalo.ai/ailab_video/label_supplier/tts_compare//data/luonghc/benchmark_zalotts_v2/compare_231127/version1/s96_vf4.wav
/data/luonghc/benchmark_zalotts_v2/compare_231127/version0/s97_vf4.wav,/data/luonghc/benchmark_zalotts_v2/compare_231127/version1/s97_vf4.wav,"Cho rằng bạn nói xấu mình, nữ sinh đã đè bạn xuống nền nhà rồi dùng guốc đánh vào đầu khiến nữ sinh chảy máu.",https://api.zalo.ai/ailab_video/label_supplier/tts_compare//data/luonghc/benchmark_zalotts_v2/compare_231127/version0/s97_vf4.wav,https://api.zalo.ai/ailab_video/label_supplier/tts_compare//data/luonghc/benchmark_zalotts_v2/compare_231127/version1/s97_vf4.wav
/data/luonghc/benchmark_zalotts_v2/compare_231127/version0/s98_vf4.wav,/data/luonghc/benchmark_zalotts_v2/compare_231127/version1/s98_vf4.wav,"Thoắt một cái gần ba mươi năm, lớp học vẫn duy trì trong tình yêu thương của ông bà Tư dành cho lũ trẻ.",https://api.zalo.ai/ailab_video/label_supplier/tts_compare//data/luonghc/benchmark_zalotts_v2/compare_231127/version0/s98_vf4.wav,https://api.zalo.ai/ailab_video/label_supplier/tts_compare//data/luonghc/benchmark_zalotts_v2/compare_231127/version1/s98_vf4.wav
/data/luonghc/benchmark_zalotts_v2/compare_231127/version1/s99_vf4.wav,/data/luonghc/benchmark_zalotts_v2/compare_231127/version0/s99_vf4.wav,"Thấy mấy đứa trẻ ngoan hơn, biết lượm được của rơi trả lại cho người mất, kính trọng người lớn, ông bà hạnh phúc lắm.",https://api.zalo.ai/ailab_video/label_supplier/tts_compare//data/luonghc/benchmark_zalotts_v2/compare_231127/version1/s99_vf4.wav,https://api.zalo.ai/ailab_video/label_supplier/tts_compare//data/luonghc/benchmark_zalotts_v2/compare_231127/version0/s99_vf4.wav
/data/luonghc/benchmark_zalotts_v2/compare_231127/version0/s100_vf0.wav,/data/luonghc/benchmark_zalotts_v2/compare_231127/version1/s100_vf0.wav,"Huấn luyện viên Philippe Troussier cho biết, đội tuyển Iraq hiện nay thuộc top năm hay sáu châu Á.",https://api.zalo.ai/ailab_video/label_supplier/tts_compare//data/luonghc/benchmark_zalotts_v2/compare_231127/version0/s100_vf0.wav,https://api.zalo.ai/ailab_video/label_supplier/tts_compare//data/luonghc/benchmark_zalotts_v2/compare_231127/version1/s100_vf0.wav
/data/luonghc/benchmark_zalotts_v2/compare_231127/version0/s101_vf0.wav,/data/luonghc/benchmark_zalotts_v2/compare_231127/version1/s101_vf0.wav,"Khám phá Chamonix, thị trấn bình yên dưới chân núi Mont Blan.",https://api.zalo.ai/ailab_video/label_supplier/tts_compare//data/luonghc/benchmark_zalotts_v2/compare_231127/version0/s101_vf0.wav,https://api.zalo.ai/ailab_video/label_supplier/tts_compare//data/luonghc/benchmark_zalotts_v2/compare_231127/version1/s101_vf0.wav
/data/luonghc/benchmark_zalotts_v2/compare_231127/version1/s102_vf0.wav,/data/luonghc/benchmark_zalotts_v2/compare_231127/version0/s102_vf0.wav,Bruno Fernandes ghi sáu bàn cho tuyển Bồ Đào Nha.,https://api.zalo.ai/ailab_video/label_supplier/tts_compare//data/luonghc/benchmark_zalotts_v2/compare_231127/version1/s102_vf0.wav,https://api.zalo.ai/ailab_video/label_supplier/tts_compare//data/luonghc/benchmark_zalotts_v2/compare_231127/version0/s102_vf0.wav
/data/luonghc/benchmark_zalotts_v2/compare_231127/version1/s103_vf0.wav,/data/luonghc/benchmark_zalotts_v2/compare_231127/version0/s103_vf0.wav,Chiến binh Hamas muốn đưa hai con tin Thái Lan và Nepal đến bệnh viện điều trị trước khi chuyển họ đến nơi khác để giấu.,https://api.zalo.ai/ailab_video/label_supplier/tts_compare//data/luonghc/benchmark_zalotts_v2/compare_231127/version1/s103_vf0.wav,https://api.zalo.ai/ailab_video/label_supplier/tts_compare//data/luonghc/benchmark_zalotts_v2/compare_231127/version0/s103_vf0.wav
/data/luonghc/benchmark_zalotts_v2/compare_231127/version0/s104_vf0.wav,/data/luonghc/benchmark_zalotts_v2/compare_231127/version1/s104_vf0.wav,"Ông Abdul Rasheed, một quan chức y tế địa phương, cho biết số người thiệt mạng có thể tăng lên do nhiều người bị thương đang trong tình trạng nguy kịch.",https://api.zalo.ai/ailab_video/label_supplier/tts_compare//data/luonghc/benchmark_zalotts_v2/compare_231127/version0/s104_vf0.wav,https://api.zalo.ai/ailab_video/label_supplier/tts_compare//data/luonghc/benchmark_zalotts_v2/compare_231127/version1/s104_vf0.wav
/data/luonghc/benchmark_zalotts_v2/compare_231127/version1/s105_vf0.wav,/data/luonghc/benchmark_zalotts_v2/compare_231127/version0/s105_vf0.wav,"vệ binh quốc gia và cảnh sát được nhìn thấy hiện diện tại thị trấn Frontera Comalapa, nơi băng đảng ma túy khét tiếng Sinaloa tràn vào cuối tuần trước.",https://api.zalo.ai/ailab_video/label_supplier/tts_compare//data/luonghc/benchmark_zalotts_v2/compare_231127/version1/s105_vf0.wav,https://api.zalo.ai/ailab_video/label_supplier/tts_compare//data/luonghc/benchmark_zalotts_v2/compare_231127/version0/s105_vf0.wav
/data/luonghc/benchmark_zalotts_v2/compare_231127/version0/s106_vf0.wav,/data/luonghc/benchmark_zalotts_v2/compare_231127/version1/s106_vf0.wav,Ai Cập đang tiến hành ngăn chặn một cuộc di cư ồ ạt từ dải Gaza vào bán đảo Sinai.,https://api.zalo.ai/ailab_video/label_supplier/tts_compare//data/luonghc/benchmark_zalotts_v2/compare_231127/version0/s106_vf0.wav,https://api.zalo.ai/ailab_video/label_supplier/tts_compare//data/luonghc/benchmark_zalotts_v2/compare_231127/version1/s106_vf0.wav
/data/luonghc/benchmark_zalotts_v2/compare_231127/version1/s107_vf0.wav,/data/luonghc/benchmark_zalotts_v2/compare_231127/version0/s107_vf0.wav,Cận cảnh lực lượng Kosovo dùng trực thăng để đổ bộ và bắt giữ tàu hàng trên Biển Đỏ.,https://api.zalo.ai/ailab_video/label_supplier/tts_compare//data/luonghc/benchmark_zalotts_v2/compare_231127/version1/s107_vf0.wav,https://api.zalo.ai/ailab_video/label_supplier/tts_compare//data/luonghc/benchmark_zalotts_v2/compare_231127/version0/s107_vf0.wav
/data/luonghc/benchmark_zalotts_v2/compare_231127/version0/s108_vf0.wav,/data/luonghc/benchmark_zalotts_v2/compare_231127/version1/s108_vf0.wav,Israel cho biết quân đội nước này đã tiêu diệt những kẻ xâm nhập có vũ trang từ Lebanon.,https://api.zalo.ai/ailab_video/label_supplier/tts_compare//data/luonghc/benchmark_zalotts_v2/compare_231127/version0/s108_vf0.wav,https://api.zalo.ai/ailab_video/label_supplier/tts_compare//data/luonghc/benchmark_zalotts_v2/compare_231127/version1/s108_vf0.wav
/data/luonghc/benchmark_zalotts_v2/compare_231127/version1/s109_vm2.wav,/data/luonghc/benchmark_zalotts_v2/compare_231127/version0/s109_vm2.wav,Thủ lĩnh chính trị của Hamas Ismail Haniyeh trong một bài đăng trên Telegram.,https://api.zalo.ai/ailab_video/label_supplier/tts_compare//data/luonghc/benchmark_zalotts_v2/compare_231127/version1/s109_vm2.wav,https://api.zalo.ai/ailab_video/label_supplier/tts_compare//data/luonghc/benchmark_zalotts_v2/compare_231127/version0/s109_vm2.wav
/data/luonghc/benchmark_zalotts_v2/compare_231127/version1/s110_vm2.wav,/data/luonghc/benchmark_zalotts_v2/compare_231127/version0/s110_vm2.wav,Nga đã chủ trì hội nghị với chính quyền Taliban về các mối đe dọa trong khu vực và cho biết sẽ tiếp tục tài trợ Afghanistan trong thời gian tới.,https://api.zalo.ai/ailab_video/label_supplier/tts_compare//data/luonghc/benchmark_zalotts_v2/compare_231127/version1/s110_vm2.wav,https://api.zalo.ai/ailab_video/label_supplier/tts_compare//data/luonghc/benchmark_zalotts_v2/compare_231127/version0/s110_vm2.wav
/data/luonghc/benchmark_zalotts_v2/compare_231127/version1/s111_vm2.wav,/data/luonghc/benchmark_zalotts_v2/compare_231127/version0/s111_vm2.wav,Chủ nhân Nobel Y sinh được Vinfuture vinh danh từ hai năm trước.,https://api.zalo.ai/ailab_video/label_supplier/tts_compare//data/luonghc/benchmark_zalotts_v2/compare_231127/version1/s111_vm2.wav,https://api.zalo.ai/ailab_video/label_supplier/tts_compare//data/luonghc/benchmark_zalotts_v2/compare_231127/version0/s111_vm2.wav
/data/luonghc/benchmark_zalotts_v2/compare_231127/version0/s112_vm2.wav,/data/luonghc/benchmark_zalotts_v2/compare_231127/version1/s112_vm2.wav,Thủ tướng Srettha yêu cầu điều tra video Hamas lôi kéo con tin Thái Lan tại Gaza.,https://api.zalo.ai/ailab_video/label_supplier/tts_compare//data/luonghc/benchmark_zalotts_v2/compare_231127/version0/s112_vm2.wav,https://api.zalo.ai/ailab_video/label_supplier/tts_compare//data/luonghc/benchmark_zalotts_v2/compare_231127/version1/s112_vm2.wav
/data/luonghc/benchmark_zalotts_v2/compare_231127/version1/s113_vm2.wav,/data/luonghc/benchmark_zalotts_v2/compare_231127/version0/s113_vm2.wav,Đường ống dẫn khí Baltic connector giữa Phần Lan và Estonia sẽ có công suất truyền tải lớn được sửa chữa.,https://api.zalo.ai/ailab_video/label_supplier/tts_compare//data/luonghc/benchmark_zalotts_v2/compare_231127/version1/s113_vm2.wav,https://api.zalo.ai/ailab_video/label_supplier/tts_compare//data/luonghc/benchmark_zalotts_v2/compare_231127/version0/s113_vm2.wav
/data/luonghc/benchmark_zalotts_v2/compare_231127/version1/s114_vm2.wav,/data/luonghc/benchmark_zalotts_v2/compare_231127/version0/s114_vm2.wav,Nhà khí tượng học Adam Douty của Accu Weather nhận định một cơn bão có thể hình thành ở Đại Tây Dương.,https://api.zalo.ai/ailab_video/label_supplier/tts_compare//data/luonghc/benchmark_zalotts_v2/compare_231127/version1/s114_vm2.wav,https://api.zalo.ai/ailab_video/label_supplier/tts_compare//data/luonghc/benchmark_zalotts_v2/compare_231127/version0/s114_vm2.wav
/data/luonghc/benchmark_zalotts_v2/compare_231127/version1/s115_vm2.wav,/data/luonghc/benchmark_zalotts_v2/compare_231127/version0/s115_vm2.wav,"Sau khi trực thăng đáp lên tàu hàng Galaxy Leader, các thành viên Kosovo nhào tới buồng lái và khống chế thủy thủ trong đó.",https://api.zalo.ai/ailab_video/label_supplier/tts_compare//data/luonghc/benchmark_zalotts_v2/compare_231127/version1/s115_vm2.wav,https://api.zalo.ai/ailab_video/label_supplier/tts_compare//data/luonghc/benchmark_zalotts_v2/compare_231127/version0/s115_vm2.wav
/data/luonghc/benchmark_zalotts_v2/compare_231127/version0/s116_vm2.wav,/data/luonghc/benchmark_zalotts_v2/compare_231127/version1/s116_vm2.wav,"Phong cách thời trang fair play, live show, topic, update, theo xu hướng bodysuit.",https://api.zalo.ai/ailab_video/label_supplier/tts_compare//data/luonghc/benchmark_zalotts_v2/compare_231127/version0/s116_vm2.wav,https://api.zalo.ai/ailab_video/label_supplier/tts_compare//data/luonghc/benchmark_zalotts_v2/compare_231127/version1/s116_vm2.wav
/data/luonghc/benchmark_zalotts_v2/compare_231127/version0/s117_vm2.wav,/data/luonghc/benchmark_zalotts_v2/compare_231127/version1/s117_vm2.wav,Huấn luyện viên Mano Polkin đã có những chia sẻ về thay đổi của tuyển Thái Lan ở lượt trận hai vòng loại World Cup.,https://api.zalo.ai/ailab_video/label_supplier/tts_compare//data/luonghc/benchmark_zalotts_v2/compare_231127/version0/s117_vm2.wav,https://api.zalo.ai/ailab_video/label_supplier/tts_compare//data/luonghc/benchmark_zalotts_v2/compare_231127/version1/s117_vm2.wav
/data/luonghc/benchmark_zalotts_v2/compare_231127/version1/s118_vm3.wav,/data/luonghc/benchmark_zalotts_v2/compare_231127/version0/s118_vm3.wav,"Ở trận gặp Singapore, tuyển Thái Lan không có sự phục vụ của ngôi sao số một Chanathip Songkrasin.",https://api.zalo.ai/ailab_video/label_supplier/tts_compare//data/luonghc/benchmark_zalotts_v2/compare_231127/version1/s118_vm3.wav,https://api.zalo.ai/ailab_video/label_supplier/tts_compare//data/luonghc/benchmark_zalotts_v2/compare_231127/version0/s118_vm3.wav
/data/luonghc/benchmark_zalotts_v2/compare_231127/version1/s119_vm3.wav,/data/luonghc/benchmark_zalotts_v2/compare_231127/version0/s119_vm3.wav,Nga tập trung binh lực trấn áp cứ điểm của Ukraine ở tả ngạn Dnipro.,https://api.zalo.ai/ailab_video/label_supplier/tts_compare//data/luonghc/benchmark_zalotts_v2/compare_231127/version1/s119_vm3.wav,https://api.zalo.ai/ailab_video/label_supplier/tts_compare//data/luonghc/benchmark_zalotts_v2/compare_231127/version0/s119_vm3.wav
/data/luonghc/benchmark_zalotts_v2/compare_231127/version1/s120_vm3.wav,/data/luonghc/benchmark_zalotts_v2/compare_231127/version0/s120_vm3.wav,"Chamonix nằm ở miền Đông nước Pháp, cách xa thủ đô Paris và thành phố Geneve của Thụy Sĩ.",https://api.zalo.ai/ailab_video/label_supplier/tts_compare//data/luonghc/benchmark_zalotts_v2/compare_231127/version1/s120_vm3.wav,https://api.zalo.ai/ailab_video/label_supplier/tts_compare//data/luonghc/benchmark_zalotts_v2/compare_231127/version0/s120_vm3.wav
/data/luonghc/benchmark_zalotts_v2/compare_231127/version1/s121_vm3.wav,/data/luonghc/benchmark_zalotts_v2/compare_231127/version0/s121_vm3.wav,Tương lai ảm đạm của Evergrande.,https://api.zalo.ai/ailab_video/label_supplier/tts_compare//data/luonghc/benchmark_zalotts_v2/compare_231127/version1/s121_vm3.wav,https://api.zalo.ai/ailab_video/label_supplier/tts_compare//data/luonghc/benchmark_zalotts_v2/compare_231127/version0/s121_vm3.wav
/data/luonghc/benchmark_zalotts_v2/compare_231127/version0/s122_vm3.wav,/data/luonghc/benchmark_zalotts_v2/compare_231127/version1/s122_vm3.wav,Lực lượng Kosovo tại Yemen công bố video cho thấy các thành viên của nhóm dùng trực thăng.,https://api.zalo.ai/ailab_video/label_supplier/tts_compare//data/luonghc/benchmark_zalotts_v2/compare_231127/version0/s122_vm3.wav,https://api.zalo.ai/ailab_video/label_supplier/tts_compare//data/luonghc/benchmark_zalotts_v2/compare_231127/version1/s122_vm3.wav
/data/luonghc/benchmark_zalotts_v2/compare_231127/version1/s123_vm3.wav,/data/luonghc/benchmark_zalotts_v2/compare_231127/version0/s123_vm3.wav,Space problem về ô nhiễm không gian là space pollution.,https://api.zalo.ai/ailab_video/label_supplier/tts_compare//data/luonghc/benchmark_zalotts_v2/compare_231127/version1/s123_vm3.wav,https://api.zalo.ai/ailab_video/label_supplier/tts_compare//data/luonghc/benchmark_zalotts_v2/compare_231127/version0/s123_vm3.wav
/data/luonghc/benchmark_zalotts_v2/compare_231127/version1/s124_vm3.wav,/data/luonghc/benchmark_zalotts_v2/compare_231127/version0/s124_vm3.wav,Một chiếc mũ nhọn hai đầu bicorne được cho là của Hoàng đế Napoleon Bonaparte đã được bán với giá kỷ lục.,https://api.zalo.ai/ailab_video/label_supplier/tts_compare//data/luonghc/benchmark_zalotts_v2/compare_231127/version1/s124_vm3.wav,https://api.zalo.ai/ailab_video/label_supplier/tts_compare//data/luonghc/benchmark_zalotts_v2/compare_231127/version0/s124_vm3.wav
/data/luonghc/benchmark_zalotts_v2/compare_231127/version1/s125_vm3.wav,/data/luonghc/benchmark_zalotts_v2/compare_231127/version0/s125_vm3.wav,Thủ tướng Thái Lan Srettha Thavisin đã yêu cầu bộ ngoại giao nước này điều tra về đoạn phim.,https://api.zalo.ai/ailab_video/label_supplier/tts_compare//data/luonghc/benchmark_zalotts_v2/compare_231127/version1/s125_vm3.wav,https://api.zalo.ai/ailab_video/label_supplier/tts_compare//data/luonghc/benchmark_zalotts_v2/compare_231127/version0/s125_vm3.wav
/data/luonghc/benchmark_zalotts_v2/compare_231127/version0/s126_vm3.wav,/data/luonghc/benchmark_zalotts_v2/compare_231127/version1/s126_vm3.wav,Israel công bố cho thấy các chiến binh Hamas lôi kéo một công dân Thái Lan tại bệnh viện Al Shifa.,https://api.zalo.ai/ailab_video/label_supplier/tts_compare//data/luonghc/benchmark_zalotts_v2/compare_231127/version0/s126_vm3.wav,https://api.zalo.ai/ailab_video/label_supplier/tts_compare//data/luonghc/benchmark_zalotts_v2/compare_231127/version1/s126_vm3.wav
/data/luonghc/benchmark_zalotts_v2/compare_231127/version1/s127_vf4.wav,/data/luonghc/benchmark_zalotts_v2/compare_231127/version0/s127_vf4.wav,Azerbaijan quyết không tha lãnh đạo ly khai vùng Nagorno Karabakh.,https://api.zalo.ai/ailab_video/label_supplier/tts_compare//data/luonghc/benchmark_zalotts_v2/compare_231127/version1/s127_vf4.wav,https://api.zalo.ai/ailab_video/label_supplier/tts_compare//data/luonghc/benchmark_zalotts_v2/compare_231127/version0/s127_vf4.wav
/data/luonghc/benchmark_zalotts_v2/compare_231127/version0/s128_vf4.wav,/data/luonghc/benchmark_zalotts_v2/compare_231127/version1/s128_vf4.wav,Ông Srettha nói thêm rằng trợ lý của mình là ông Prommin Lertsuridej đang tiếp tục nhiệm vụ.,https://api.zalo.ai/ailab_video/label_supplier/tts_compare//data/luonghc/benchmark_zalotts_v2/compare_231127/version0/s128_vf4.wav,https://api.zalo.ai/ailab_video/label_supplier/tts_compare//data/luonghc/benchmark_zalotts_v2/compare_231127/version1/s128_vf4.wav
/data/luonghc/benchmark_zalotts_v2/compare_231127/version1/s129_vf4.wav,/data/luonghc/benchmark_zalotts_v2/compare_231127/version0/s129_vf4.wav,Thẩm phán Arthur Engoron nói rằng sự xuất hiện của nhân chứng này có thể là lãng phí thời gian.,https://api.zalo.ai/ailab_video/label_supplier/tts_compare//data/luonghc/benchmark_zalotts_v2/compare_231127/version1/s129_vf4.wav,https://api.zalo.ai/ailab_video/label_supplier/tts_compare//data/luonghc/benchmark_zalotts_v2/compare_231127/version0/s129_vf4.wav
/data/luonghc/benchmark_zalotts_v2/compare_231127/version0/s130_vf4.wav,/data/luonghc/benchmark_zalotts_v2/compare_231127/version1/s130_vf4.wav,"Cựu Thủ tướng Israel Ehud Barak cho biết, nhóm Hamas đang sử dụng các hầm ngầm do chính người Israel xây dựng. ",https://api.zalo.ai/ailab_video/label_supplier/tts_compare//data/luonghc/benchmark_zalotts_v2/compare_231127/version0/s130_vf4.wav,https://api.zalo.ai/ailab_video/label_supplier/tts_compare//data/luonghc/benchmark_zalotts_v2/compare_231127/version1/s130_vf4.wav
/data/luonghc/benchmark_zalotts_v2/compare_231127/version1/s131_vf4.wav,/data/luonghc/benchmark_zalotts_v2/compare_231127/version0/s131_vf4.wav,Bên dưới bệnh viện Al Shifa lớn nhất ở Dải Gaza.,https://api.zalo.ai/ailab_video/label_supplier/tts_compare//data/luonghc/benchmark_zalotts_v2/compare_231127/version1/s131_vf4.wav,https://api.zalo.ai/ailab_video/label_supplier/tts_compare//data/luonghc/benchmark_zalotts_v2/compare_231127/version0/s131_vf4.wav
/data/luonghc/benchmark_zalotts_v2/compare_231127/version0/s132_vf4.wav,/data/luonghc/benchmark_zalotts_v2/compare_231127/version1/s132_vf4.wav,Giáo sư Mỹ John Mearsheimer nói trong cuộc phỏng vấn với kênh You tube Lex Fridman.,https://api.zalo.ai/ailab_video/label_supplier/tts_compare//data/luonghc/benchmark_zalotts_v2/compare_231127/version0/s132_vf4.wav,https://api.zalo.ai/ailab_video/label_supplier/tts_compare//data/luonghc/benchmark_zalotts_v2/compare_231127/version1/s132_vf4.wav
/data/luonghc/benchmark_zalotts_v2/compare_231127/version0/s133_vf4.wav,/data/luonghc/benchmark_zalotts_v2/compare_231127/version1/s133_vf4.wav,Hoa Kỳ không nên can thiệp nếu muốn Tổng thống Nga Vladimir Putin và nhà lãnh đạo Ukraine Vladimir Zelensky ngồi vào bàn đàm phán.,https://api.zalo.ai/ailab_video/label_supplier/tts_compare//data/luonghc/benchmark_zalotts_v2/compare_231127/version0/s133_vf4.wav,https://api.zalo.ai/ailab_video/label_supplier/tts_compare//data/luonghc/benchmark_zalotts_v2/compare_231127/version1/s133_vf4.wav
/data/luonghc/benchmark_zalotts_v2/compare_231127/version0/s134_vf4.wav,/data/luonghc/benchmark_zalotts_v2/compare_231127/version1/s134_vf4.wav,"Theo ông, cả Mỹ và Anh đều không thúc đẩy đối thoại giữa Moskva và Kiev mà phá hủy mọi thỏa thuận mà hai nước có thể đạt được.",https://api.zalo.ai/ailab_video/label_supplier/tts_compare//data/luonghc/benchmark_zalotts_v2/compare_231127/version0/s134_vf4.wav,https://api.zalo.ai/ailab_video/label_supplier/tts_compare//data/luonghc/benchmark_zalotts_v2/compare_231127/version1/s134_vf4.wav
/data/luonghc/benchmark_zalotts_v2/compare_231127/version0/s135_vf4.wav,/data/luonghc/benchmark_zalotts_v2/compare_231127/version1/s135_vf4.wav,"Vì vậy, về lý thuyết Iraq được đánh giá cao hơn đội tuyển Việt Nam.  ",https://api.zalo.ai/ailab_video/label_supplier/tts_compare//data/luonghc/benchmark_zalotts_v2/compare_231127/version0/s135_vf4.wav,https://api.zalo.ai/ailab_video/label_supplier/tts_compare//data/luonghc/benchmark_zalotts_v2/compare_231127/version1/s135_vf4.wav
/data/luonghc/benchmark_zalotts_v2/compare_231127/version0/s136_vf0.wav,/data/luonghc/benchmark_zalotts_v2/compare_231127/version1/s136_vf0.wav,Chúng tôi đã giúp người Palestine xây dựng những hầm trú ẩn này để có thêm không gian cho hoạt động của bệnh viện.,https://api.zalo.ai/ailab_video/label_supplier/tts_compare//data/luonghc/benchmark_zalotts_v2/compare_231127/version0/s136_vf0.wav,https://api.zalo.ai/ailab_video/label_supplier/tts_compare//data/luonghc/benchmark_zalotts_v2/compare_231127/version1/s136_vf0.wav
/data/luonghc/benchmark_zalotts_v2/compare_231127/version0/s137_vf0.wav,/data/luonghc/benchmark_zalotts_v2/compare_231127/version1/s137_vf0.wav,"Nếu Ukraine thành công, họ có thể kiểm soát nhiều tuyến giao thông trong their area.",https://api.zalo.ai/ailab_video/label_supplier/tts_compare//data/luonghc/benchmark_zalotts_v2/compare_231127/version0/s137_vf0.wav,https://api.zalo.ai/ailab_video/label_supplier/tts_compare//data/luonghc/benchmark_zalotts_v2/compare_231127/version1/s137_vf0.wav
/data/luonghc/benchmark_zalotts_v2/compare_231127/version0/s138_vf0.wav,/data/luonghc/benchmark_zalotts_v2/compare_231127/version1/s138_vf0.wav,Người Palestine bị giam giữ trong các nhà tù của Israel.,https://api.zalo.ai/ailab_video/label_supplier/tts_compare//data/luonghc/benchmark_zalotts_v2/compare_231127/version0/s138_vf0.wav,https://api.zalo.ai/ailab_video/label_supplier/tts_compare//data/luonghc/benchmark_zalotts_v2/compare_231127/version1/s138_vf0.wav
/data/luonghc/benchmark_zalotts_v2/compare_231127/version1/s139_vf0.wav,/data/luonghc/benchmark_zalotts_v2/compare_231127/version0/s139_vf0.wav,Tiến hành thông qua bên trung gian là Qatar và có sự tham gia của Cơ quan Tình báo Trung ương Mỹ.,https://api.zalo.ai/ailab_video/label_supplier/tts_compare//data/luonghc/benchmark_zalotts_v2/compare_231127/version1/s139_vf0.wav,https://api.zalo.ai/ailab_video/label_supplier/tts_compare//data/luonghc/benchmark_zalotts_v2/compare_231127/version0/s139_vf0.wav
/data/luonghc/benchmark_zalotts_v2/compare_231127/version0/s140_vf0.wav,/data/luonghc/benchmark_zalotts_v2/compare_231127/version1/s140_vf0.wav,"Manchester united chỉ ghi vỏn vẹn mười ba bàn, con số còn ít hơn cả đội đang đứng áp chót trên bảng xếp hạng.",https://api.zalo.ai/ailab_video/label_supplier/tts_compare//data/luonghc/benchmark_zalotts_v2/compare_231127/version0/s140_vf0.wav,https://api.zalo.ai/ailab_video/label_supplier/tts_compare//data/luonghc/benchmark_zalotts_v2/compare_231127/version1/s140_vf0.wav
/data/luonghc/benchmark_zalotts_v2/compare_231127/version0/s141_vf0.wav,/data/luonghc/benchmark_zalotts_v2/compare_231127/version1/s141_vf0.wav,Các học trò của Erik ten Hag lại thi đấu chói sáng khi trở về làm nghĩa vụ cho tuyển quốc gia.,https://api.zalo.ai/ailab_video/label_supplier/tts_compare//data/luonghc/benchmark_zalotts_v2/compare_231127/version0/s141_vf0.wav,https://api.zalo.ai/ailab_video/label_supplier/tts_compare//data/luonghc/benchmark_zalotts_v2/compare_231127/version1/s141_vf0.wav
/data/luonghc/benchmark_zalotts_v2/compare_231127/version0/s142_vf0.wav,/data/luonghc/benchmark_zalotts_v2/compare_231127/version1/s142_vf0.wav,Cristiano Ronaldo không thể ghi bàn trong trận đấu cuối cùng và bị Romelu Lukaku vượt qua trong danh sách ghi bàn.,https://api.zalo.ai/ailab_video/label_supplier/tts_compare//data/luonghc/benchmark_zalotts_v2/compare_231127/version0/s142_vf0.wav,https://api.zalo.ai/ailab_video/label_supplier/tts_compare//data/luonghc/benchmark_zalotts_v2/compare_231127/version1/s142_vf0.wav
/data/luonghc/benchmark_zalotts_v2/compare_231127/version0/s143_vf0.wav,/data/luonghc/benchmark_zalotts_v2/compare_231127/version1/s143_vf0.wav,Ronaldo như thường lệ là đầu tàu của Bồ Đào Nha và được dồn bóng nhiều ở trận gặp Iceland.,https://api.zalo.ai/ailab_video/label_supplier/tts_compare//data/luonghc/benchmark_zalotts_v2/compare_231127/version0/s143_vf0.wav,https://api.zalo.ai/ailab_video/label_supplier/tts_compare//data/luonghc/benchmark_zalotts_v2/compare_231127/version1/s143_vf0.wav
/data/luonghc/benchmark_zalotts_v2/compare_231127/version0/s144_vf0.wav,/data/luonghc/benchmark_zalotts_v2/compare_231127/version1/s144_vf0.wav,Lịch thi đấu vòng loại World Cup giữa Brazil và Argentina.,https://api.zalo.ai/ailab_video/label_supplier/tts_compare//data/luonghc/benchmark_zalotts_v2/compare_231127/version0/s144_vf0.wav,https://api.zalo.ai/ailab_video/label_supplier/tts_compare//data/luonghc/benchmark_zalotts_v2/compare_231127/version1/s144_vf0.wav
/data/luonghc/benchmark_zalotts_v2/compare_231127/version1/s145_vf0.wav,/data/luonghc/benchmark_zalotts_v2/compare_231127/version0/s145_vf0.wav,Chính phủ Argentina hiện nay cũng rất coi trọng quan hệ với Trung Quốc.,https://api.zalo.ai/ailab_video/label_supplier/tts_compare//data/luonghc/benchmark_zalotts_v2/compare_231127/version1/s145_vf0.wav,https://api.zalo.ai/ailab_video/label_supplier/tts_compare//data/luonghc/benchmark_zalotts_v2/compare_231127/version0/s145_vf0.wav
/data/luonghc/benchmark_zalotts_v2/compare_231127/version1/s146_vf0.wav,/data/luonghc/benchmark_zalotts_v2/compare_231127/version0/s146_vf0.wav,"Ông không có ý định phát triển quan hệ với Brazil, Trung Quốc vì không ủng hộ chính sách của những quốc gia này.",https://api.zalo.ai/ailab_video/label_supplier/tts_compare//data/luonghc/benchmark_zalotts_v2/compare_231127/version1/s146_vf0.wav,https://api.zalo.ai/ailab_video/label_supplier/tts_compare//data/luonghc/benchmark_zalotts_v2/compare_231127/version0/s146_vf0.wav
/data/luonghc/benchmark_zalotts_v2/compare_231127/version1/s147_vf0.wav,/data/luonghc/benchmark_zalotts_v2/compare_231127/version0/s147_vf0.wav,Các chuyên gia sắc đẹp Global Beauties đã có thống kê thành tích của các quốc gia và vùng lãnh thổ.,https://api.zalo.ai/ailab_video/label_supplier/tts_compare//data/luonghc/benchmark_zalotts_v2/compare_231127/version1/s147_vf0.wav,https://api.zalo.ai/ailab_video/label_supplier/tts_compare//data/luonghc/benchmark_zalotts_v2/compare_231127/version0/s147_vf0.wav
/data/luonghc/benchmark_zalotts_v2/compare_231127/version0/s148_vf0.wav,/data/luonghc/benchmark_zalotts_v2/compare_231127/version1/s148_vf0.wav,"Hiện tại, Miss World chưa diễn ra nên có thể thứ hạng có thể thay đổi.",https://api.zalo.ai/ailab_video/label_supplier/tts_compare//data/luonghc/benchmark_zalotts_v2/compare_231127/version0/s148_vf0.wav,https://api.zalo.ai/ailab_video/label_supplier/tts_compare//data/luonghc/benchmark_zalotts_v2/compare_231127/version1/s148_vf0.wav
/data/luonghc/benchmark_zalotts_v2/compare_231127/version1/s149_vf0.wav,/data/luonghc/benchmark_zalotts_v2/compare_231127/version0/s149_vf0.wav,"Theo số điểm được quy đổi, Peru đang dẫn đầu bảng xếp hạng quốc gia sắc đẹp.",https://api.zalo.ai/ailab_video/label_supplier/tts_compare//data/luonghc/benchmark_zalotts_v2/compare_231127/version1/s149_vf0.wav,https://api.zalo.ai/ailab_video/label_supplier/tts_compare//data/luonghc/benchmark_zalotts_v2/compare_231127/version0/s149_vf0.wav
/data/luonghc/benchmark_zalotts_v2/compare_231127/version0/s150_vf0.wav,/data/luonghc/benchmark_zalotts_v2/compare_231127/version1/s150_vf0.wav,"Với chiến thắng Miss Grand International, Miss Universe, quốc gia này đang làm mưa làm gió bản đồ sắc đẹp quốc tế.",https://api.zalo.ai/ailab_video/label_supplier/tts_compare//data/luonghc/benchmark_zalotts_v2/compare_231127/version0/s150_vf0.wav,https://api.zalo.ai/ailab_video/label_supplier/tts_compare//data/luonghc/benchmark_zalotts_v2/compare_231127/version1/s150_vf0.wav
/data/luonghc/benchmark_zalotts_v2/compare_231127/version1/s151_vf0.wav,/data/luonghc/benchmark_zalotts_v2/compare_231127/version0/s151_vf0.wav,Xin research ở Úc thì bắt buộc phải có nominated supervisor và proposal đi kèm với application form.,https://api.zalo.ai/ailab_video/label_supplier/tts_compare//data/luonghc/benchmark_zalotts_v2/compare_231127/version1/s151_vf0.wav,https://api.zalo.ai/ailab_video/label_supplier/tts_compare//data/luonghc/benchmark_zalotts_v2/compare_231127/version0/s151_vf0.wav
/data/luonghc/benchmark_zalotts_v2/compare_231127/version1/s152_vm2.wav,/data/luonghc/benchmark_zalotts_v2/compare_231127/version0/s152_vm2.wav,Thí sinh việt nam Next Top Model khi lên sân khấu đi dép lê đã bị giám khảo cho một bài học.,https://api.zalo.ai/ailab_video/label_supplier/tts_compare//data/luonghc/benchmark_zalotts_v2/compare_231127/version1/s152_vm2.wav,https://api.zalo.ai/ailab_video/label_supplier/tts_compare//data/luonghc/benchmark_zalotts_v2/compare_231127/version0/s152_vm2.wav
/data/luonghc/benchmark_zalotts_v2/compare_231127/version0/s153_vm2.wav,/data/luonghc/benchmark_zalotts_v2/compare_231127/version1/s153_vm2.wav,Anh chị tư vấn có nên apply vào công ty này không?,https://api.zalo.ai/ailab_video/label_supplier/tts_compare//data/luonghc/benchmark_zalotts_v2/compare_231127/version0/s153_vm2.wav,https://api.zalo.ai/ailab_video/label_supplier/tts_compare//data/luonghc/benchmark_zalotts_v2/compare_231127/version1/s153_vm2.wav
/data/luonghc/benchmark_zalotts_v2/compare_231127/version0/s154_vm2.wav,/data/luonghc/benchmark_zalotts_v2/compare_231127/version1/s154_vm2.wav,"Bên công ty đó complain nhiều quá, mình đã explain cái giá thật là fix rồi mà họ vẫn kêu là expensive.",https://api.zalo.ai/ailab_video/label_supplier/tts_compare//data/luonghc/benchmark_zalotts_v2/compare_231127/version0/s154_vm2.wav,https://api.zalo.ai/ailab_video/label_supplier/tts_compare//data/luonghc/benchmark_zalotts_v2/compare_231127/version1/s154_vm2.wav
/data/luonghc/benchmark_zalotts_v2/compare_231127/version1/s155_vm2.wav,/data/luonghc/benchmark_zalotts_v2/compare_231127/version0/s155_vm2.wav,Identity của Phan Thiết là mùi nước mắm.,https://api.zalo.ai/ailab_video/label_supplier/tts_compare//data/luonghc/benchmark_zalotts_v2/compare_231127/version1/s155_vm2.wav,https://api.zalo.ai/ailab_video/label_supplier/tts_compare//data/luonghc/benchmark_zalotts_v2/compare_231127/version0/s155_vm2.wav
/data/luonghc/benchmark_zalotts_v2/compare_231127/version1/s156_vm2.wav,/data/luonghc/benchmark_zalotts_v2/compare_231127/version0/s156_vm2.wav,Em có nên gửi mail đến Prof để hỏi xin research documents không ạ?,https://api.zalo.ai/ailab_video/label_supplier/tts_compare//data/luonghc/benchmark_zalotts_v2/compare_231127/version1/s156_vm2.wav,https://api.zalo.ai/ailab_video/label_supplier/tts_compare//data/luonghc/benchmark_zalotts_v2/compare_231127/version0/s156_vm2.wav
/data/luonghc/benchmark_zalotts_v2/compare_231127/version0/s157_vm2.wav,/data/luonghc/benchmark_zalotts_v2/compare_231127/version1/s157_vm2.wav,"Trong trường hợp máy bay delay hoặc thay đổi kế hoạch, anh phải confirm lại cho em.",https://api.zalo.ai/ailab_video/label_supplier/tts_compare//data/luonghc/benchmark_zalotts_v2/compare_231127/version0/s157_vm2.wav,https://api.zalo.ai/ailab_video/label_supplier/tts_compare//data/luonghc/benchmark_zalotts_v2/compare_231127/version1/s157_vm2.wav
/data/luonghc/benchmark_zalotts_v2/compare_231127/version0/s158_vm2.wav,/data/luonghc/benchmark_zalotts_v2/compare_231127/version1/s158_vm2.wav,Nhưng quả là so với sự ra mắt khủng của The Voice.,https://api.zalo.ai/ailab_video/label_supplier/tts_compare//data/luonghc/benchmark_zalotts_v2/compare_231127/version0/s158_vm2.wav,https://api.zalo.ai/ailab_video/label_supplier/tts_compare//data/luonghc/benchmark_zalotts_v2/compare_231127/version1/s158_vm2.wav
/data/luonghc/benchmark_zalotts_v2/compare_231127/version1/s159_vm2.wav,/data/luonghc/benchmark_zalotts_v2/compare_231127/version0/s159_vm2.wav,Người ta lại thấy nhạt vì marketing đi sâu vào thảm họa âm nhạc của Việt Nam Idol.,https://api.zalo.ai/ailab_video/label_supplier/tts_compare//data/luonghc/benchmark_zalotts_v2/compare_231127/version1/s159_vm2.wav,https://api.zalo.ai/ailab_video/label_supplier/tts_compare//data/luonghc/benchmark_zalotts_v2/compare_231127/version0/s159_vm2.wav
/data/luonghc/benchmark_zalotts_v2/compare_231127/version1/s160_vm2.wav,/data/luonghc/benchmark_zalotts_v2/compare_231127/version0/s160_vm2.wav,"Well, giờ chỉ còn chờ reply của công ty đó nữa.",https://api.zalo.ai/ailab_video/label_supplier/tts_compare//data/luonghc/benchmark_zalotts_v2/compare_231127/version1/s160_vm2.wav,https://api.zalo.ai/ailab_video/label_supplier/tts_compare//data/luonghc/benchmark_zalotts_v2/compare_231127/version0/s160_vm2.wav
/data/luonghc/benchmark_zalotts_v2/compare_231127/version0/s161_vm2.wav,/data/luonghc/benchmark_zalotts_v2/compare_231127/version1/s161_vm2.wav,Để có một motivation cho du khách thì công ty chúng ta phải chú trọng đến điểm này.,https://api.zalo.ai/ailab_video/label_supplier/tts_compare//data/luonghc/benchmark_zalotts_v2/compare_231127/version0/s161_vm2.wav,https://api.zalo.ai/ailab_video/label_supplier/tts_compare//data/luonghc/benchmark_zalotts_v2/compare_231127/version1/s161_vm2.wav
/data/luonghc/benchmark_zalotts_v2/compare_231127/version1/s162_vm2.wav,/data/luonghc/benchmark_zalotts_v2/compare_231127/version0/s162_vm2.wav,"Mua sắm, shopping ở những cửa hàng, market vừa thú vị vừa hợp với túi tiền của khách du lịch.",https://api.zalo.ai/ailab_video/label_supplier/tts_compare//data/luonghc/benchmark_zalotts_v2/compare_231127/version1/s162_vm2.wav,https://api.zalo.ai/ailab_video/label_supplier/tts_compare//data/luonghc/benchmark_zalotts_v2/compare_231127/version0/s162_vm2.wav
/data/luonghc/benchmark_zalotts_v2/compare_231127/version0/s163_vm2.wav,/data/luonghc/benchmark_zalotts_v2/compare_231127/version1/s163_vm2.wav,"Hiện nay ở trường học rất nhiều hot girl, hot boy với style mùa đông, đồ siêu cute.",https://api.zalo.ai/ailab_video/label_supplier/tts_compare//data/luonghc/benchmark_zalotts_v2/compare_231127/version0/s163_vm2.wav,https://api.zalo.ai/ailab_video/label_supplier/tts_compare//data/luonghc/benchmark_zalotts_v2/compare_231127/version1/s163_vm2.wav
/data/luonghc/benchmark_zalotts_v2/compare_231127/version0/s164_vm2.wav,/data/luonghc/benchmark_zalotts_v2/compare_231127/version1/s164_vm2.wav,Vào đây cho nó private nha chị.,https://api.zalo.ai/ailab_video/label_supplier/tts_compare//data/luonghc/benchmark_zalotts_v2/compare_231127/version0/s164_vm2.wav,https://api.zalo.ai/ailab_video/label_supplier/tts_compare//data/luonghc/benchmark_zalotts_v2/compare_231127/version1/s164_vm2.wav
/data/luonghc/benchmark_zalotts_v2/compare_231127/version0/s165_vm2.wav,/data/luonghc/benchmark_zalotts_v2/compare_231127/version1/s165_vm2.wav,Anh ấy có nhiều pictures thật là beautiful.,https://api.zalo.ai/ailab_video/label_supplier/tts_compare//data/luonghc/benchmark_zalotts_v2/compare_231127/version0/s165_vm2.wav,https://api.zalo.ai/ailab_video/label_supplier/tts_compare//data/luonghc/benchmark_zalotts_v2/compare_231127/version1/s165_vm2.wav
/data/luonghc/benchmark_zalotts_v2/compare_231127/version1/s166_vm2.wav,/data/luonghc/benchmark_zalotts_v2/compare_231127/version0/s166_vm2.wav,Cố gắng make money để đi du lịch ở America.,https://api.zalo.ai/ailab_video/label_supplier/tts_compare//data/luonghc/benchmark_zalotts_v2/compare_231127/version1/s166_vm2.wav,https://api.zalo.ai/ailab_video/label_supplier/tts_compare//data/luonghc/benchmark_zalotts_v2/compare_231127/version0/s166_vm2.wav
/data/luonghc/benchmark_zalotts_v2/compare_231127/version1/s167_vm2.wav,/data/luonghc/benchmark_zalotts_v2/compare_231127/version0/s167_vm2.wav,Ý mình là you have to talk about the special thing you find necessary.,https://api.zalo.ai/ailab_video/label_supplier/tts_compare//data/luonghc/benchmark_zalotts_v2/compare_231127/version1/s167_vm2.wav,https://api.zalo.ai/ailab_video/label_supplier/tts_compare//data/luonghc/benchmark_zalotts_v2/compare_231127/version0/s167_vm2.wav
/data/luonghc/benchmark_zalotts_v2/compare_231127/version0/s168_vm3.wav,/data/luonghc/benchmark_zalotts_v2/compare_231127/version1/s168_vm3.wav,"Hầu hết tất cả mọi người là most of people, đi du lịch, travel or study.",https://api.zalo.ai/ailab_video/label_supplier/tts_compare//data/luonghc/benchmark_zalotts_v2/compare_231127/version0/s168_vm3.wav,https://api.zalo.ai/ailab_video/label_supplier/tts_compare//data/luonghc/benchmark_zalotts_v2/compare_231127/version1/s168_vm3.wav
/data/luonghc/benchmark_zalotts_v2/compare_231127/version0/s169_vm3.wav,/data/luonghc/benchmark_zalotts_v2/compare_231127/version1/s169_vm3.wav,Anh ấy rất confident khi communicate bằng English và tham gia các activities.,https://api.zalo.ai/ailab_video/label_supplier/tts_compare//data/luonghc/benchmark_zalotts_v2/compare_231127/version0/s169_vm3.wav,https://api.zalo.ai/ailab_video/label_supplier/tts_compare//data/luonghc/benchmark_zalotts_v2/compare_231127/version1/s169_vm3.wav
/data/luonghc/benchmark_zalotts_v2/compare_231127/version1/s170_vm3.wav,/data/luonghc/benchmark_zalotts_v2/compare_231127/version0/s170_vm3.wav,"There is variety of foods like bún bò, chè, bánh bèo, bánh lọc, and so on.",https://api.zalo.ai/ailab_video/label_supplier/tts_compare//data/luonghc/benchmark_zalotts_v2/compare_231127/version1/s170_vm3.wav,https://api.zalo.ai/ailab_video/label_supplier/tts_compare//data/luonghc/benchmark_zalotts_v2/compare_231127/version0/s170_vm3.wav
/data/luonghc/benchmark_zalotts_v2/compare_231127/version1/s171_vm3.wav,/data/luonghc/benchmark_zalotts_v2/compare_231127/version0/s171_vm3.wav,Bây giờ các em có thể open the book để học.,https://api.zalo.ai/ailab_video/label_supplier/tts_compare//data/luonghc/benchmark_zalotts_v2/compare_231127/version1/s171_vm3.wav,https://api.zalo.ai/ailab_video/label_supplier/tts_compare//data/luonghc/benchmark_zalotts_v2/compare_231127/version0/s171_vm3.wav
/data/luonghc/benchmark_zalotts_v2/compare_231127/version1/s172_vm3.wav,/data/luonghc/benchmark_zalotts_v2/compare_231127/version0/s172_vm3.wav,"Chào mọi người, tôi là new student here, rất vui khi gặp mọi người.",https://api.zalo.ai/ailab_video/label_supplier/tts_compare//data/luonghc/benchmark_zalotts_v2/compare_231127/version1/s172_vm3.wav,https://api.zalo.ai/ailab_video/label_supplier/tts_compare//data/luonghc/benchmark_zalotts_v2/compare_231127/version0/s172_vm3.wav
/data/luonghc/benchmark_zalotts_v2/compare_231127/version0/s173_vm3.wav,/data/luonghc/benchmark_zalotts_v2/compare_231127/version1/s173_vm3.wav,"Trước khi đến Việt Nam, ông phụ trách Tổng cục xây dựng chính sách tổng thể cho Horizon Europe.",https://api.zalo.ai/ailab_video/label_supplier/tts_compare//data/luonghc/benchmark_zalotts_v2/compare_231127/version0/s173_vm3.wav,https://api.zalo.ai/ailab_video/label_supplier/tts_compare//data/luonghc/benchmark_zalotts_v2/compare_231127/version1/s173_vm3.wav
/data/luonghc/benchmark_zalotts_v2/compare_231127/version0/s174_vm3.wav,/data/luonghc/benchmark_zalotts_v2/compare_231127/version1/s174_vm3.wav,Nơi ở là accommodation đúng không các em?,https://api.zalo.ai/ailab_video/label_supplier/tts_compare//data/luonghc/benchmark_zalotts_v2/compare_231127/version0/s174_vm3.wav,https://api.zalo.ai/ailab_video/label_supplier/tts_compare//data/luonghc/benchmark_zalotts_v2/compare_231127/version1/s174_vm3.wav
/data/luonghc/benchmark_zalotts_v2/compare_231127/version1/s175_vm3.wav,/data/luonghc/benchmark_zalotts_v2/compare_231127/version0/s175_vm3.wav,"Trước tiên nói về study ở đâu, school nào, future job là cái gì.",https://api.zalo.ai/ailab_video/label_supplier/tts_compare//data/luonghc/benchmark_zalotts_v2/compare_231127/version1/s175_vm3.wav,https://api.zalo.ai/ailab_video/label_supplier/tts_compare//data/luonghc/benchmark_zalotts_v2/compare_231127/version0/s175_vm3.wav
/data/luonghc/benchmark_zalotts_v2/compare_231127/version1/s176_vm3.wav,/data/luonghc/benchmark_zalotts_v2/compare_231127/version0/s176_vm3.wav,Tôi nghĩ friendship rất necessary trong cuộc sống của chúng ta.,https://api.zalo.ai/ailab_video/label_supplier/tts_compare//data/luonghc/benchmark_zalotts_v2/compare_231127/version1/s176_vm3.wav,https://api.zalo.ai/ailab_video/label_supplier/tts_compare//data/luonghc/benchmark_zalotts_v2/compare_231127/version0/s176_vm3.wav
/data/luonghc/benchmark_zalotts_v2/compare_231127/version1/s177_vm3.wav,/data/luonghc/benchmark_zalotts_v2/compare_231127/version0/s177_vm3.wav,Bạn thân là người play and understand được.,https://api.zalo.ai/ailab_video/label_supplier/tts_compare//data/luonghc/benchmark_zalotts_v2/compare_231127/version1/s177_vm3.wav,https://api.zalo.ai/ailab_video/label_supplier/tts_compare//data/luonghc/benchmark_zalotts_v2/compare_231127/version0/s177_vm3.wav
/data/luonghc/benchmark_zalotts_v2/compare_231127/version1/s178_vm3.wav,/data/luonghc/benchmark_zalotts_v2/compare_231127/version0/s178_vm3.wav,"Today tôi sẽ giới thiệu về best friend, name cô ấy là Lan.",https://api.zalo.ai/ailab_video/label_supplier/tts_compare//data/luonghc/benchmark_zalotts_v2/compare_231127/version1/s178_vm3.wav,https://api.zalo.ai/ailab_video/label_supplier/tts_compare//data/luonghc/benchmark_zalotts_v2/compare_231127/version0/s178_vm3.wav
/data/luonghc/benchmark_zalotts_v2/compare_231127/version0/s179_vm3.wav,/data/luonghc/benchmark_zalotts_v2/compare_231127/version1/s179_vm3.wav,"Special thing là cái chi hè, initial nghĩa là ban đầu đúng không?",https://api.zalo.ai/ailab_video/label_supplier/tts_compare//data/luonghc/benchmark_zalotts_v2/compare_231127/version0/s179_vm3.wav,https://api.zalo.ai/ailab_video/label_supplier/tts_compare//data/luonghc/benchmark_zalotts_v2/compare_231127/version1/s179_vm3.wav
/data/luonghc/benchmark_zalotts_v2/compare_231127/version0/s180_vm3.wav,/data/luonghc/benchmark_zalotts_v2/compare_231127/version1/s180_vm3.wav,"Describe về một món quà đặc biệt in your life, ví dụ như book, smartphone, watch.",https://api.zalo.ai/ailab_video/label_supplier/tts_compare//data/luonghc/benchmark_zalotts_v2/compare_231127/version0/s180_vm3.wav,https://api.zalo.ai/ailab_video/label_supplier/tts_compare//data/luonghc/benchmark_zalotts_v2/compare_231127/version1/s180_vm3.wav
/data/luonghc/benchmark_zalotts_v2/compare_231127/version1/s181_vm3.wav,/data/luonghc/benchmark_zalotts_v2/compare_231127/version0/s181_vm3.wav,"Có tổng cộng khoảng mười lăm members trong club của chúng tôi, họ đều là student.",https://api.zalo.ai/ailab_video/label_supplier/tts_compare//data/luonghc/benchmark_zalotts_v2/compare_231127/version1/s181_vm3.wav,https://api.zalo.ai/ailab_video/label_supplier/tts_compare//data/luonghc/benchmark_zalotts_v2/compare_231127/version0/s181_vm3.wav
/data/luonghc/benchmark_zalotts_v2/compare_231127/version0/s182_vm3.wav,/data/luonghc/benchmark_zalotts_v2/compare_231127/version1/s182_vm3.wav,"Chúng tôi support các activity ở trường, như là clean the street, hướng dẫn tân sinh viên múa, hát.",https://api.zalo.ai/ailab_video/label_supplier/tts_compare//data/luonghc/benchmark_zalotts_v2/compare_231127/version0/s182_vm3.wav,https://api.zalo.ai/ailab_video/label_supplier/tts_compare//data/luonghc/benchmark_zalotts_v2/compare_231127/version1/s182_vm3.wav
/data/luonghc/benchmark_zalotts_v2/compare_231127/version0/s183_vm3.wav,/data/luonghc/benchmark_zalotts_v2/compare_231127/version1/s183_vm3.wav,"Họ organize các buổi thiện nguyện, hoạt động ngoài trời, outdoor activities.",https://api.zalo.ai/ailab_video/label_supplier/tts_compare//data/luonghc/benchmark_zalotts_v2/compare_231127/version0/s183_vm3.wav,https://api.zalo.ai/ailab_video/label_supplier/tts_compare//data/luonghc/benchmark_zalotts_v2/compare_231127/version1/s183_vm3.wav
/data/luonghc/benchmark_zalotts_v2/compare_231127/version1/s184_vf4.wav,/data/luonghc/benchmark_zalotts_v2/compare_231127/version0/s184_vf4.wav,Kỹ năng Leadership là một skill rất quan trọng để develop myself trong tương lai.,https://api.zalo.ai/ailab_video/label_supplier/tts_compare//data/luonghc/benchmark_zalotts_v2/compare_231127/version1/s184_vf4.wav,https://api.zalo.ai/ailab_video/label_supplier/tts_compare//data/luonghc/benchmark_zalotts_v2/compare_231127/version0/s184_vf4.wav
/data/luonghc/benchmark_zalotts_v2/compare_231127/version0/s185_vf4.wav,/data/luonghc/benchmark_zalotts_v2/compare_231127/version1/s185_vf4.wav,"Trước khi decide anything, hãy tìm hiểu các information về điều đó.",https://api.zalo.ai/ailab_video/label_supplier/tts_compare//data/luonghc/benchmark_zalotts_v2/compare_231127/version0/s185_vf4.wav,https://api.zalo.ai/ailab_video/label_supplier/tts_compare//data/luonghc/benchmark_zalotts_v2/compare_231127/version1/s185_vf4.wav
/data/luonghc/benchmark_zalotts_v2/compare_231127/version1/s186_vf4.wav,/data/luonghc/benchmark_zalotts_v2/compare_231127/version0/s186_vf4.wav,Hiện nay nếu có opportunities để kiếm job thì hãy tận dụng nó.,https://api.zalo.ai/ailab_video/label_supplier/tts_compare//data/luonghc/benchmark_zalotts_v2/compare_231127/version1/s186_vf4.wav,https://api.zalo.ai/ailab_video/label_supplier/tts_compare//data/luonghc/benchmark_zalotts_v2/compare_231127/version0/s186_vf4.wav
/data/luonghc/benchmark_zalotts_v2/compare_231127/version0/s187_vf4.wav,/data/luonghc/benchmark_zalotts_v2/compare_231127/version1/s187_vf4.wav,Tiểu học là elementary hoặc primary school.,https://api.zalo.ai/ailab_video/label_supplier/tts_compare//data/luonghc/benchmark_zalotts_v2/compare_231127/version0/s187_vf4.wav,https://api.zalo.ai/ailab_video/label_supplier/tts_compare//data/luonghc/benchmark_zalotts_v2/compare_231127/version1/s187_vf4.wav
/data/luonghc/benchmark_zalotts_v2/compare_231127/version0/s188_vf4.wav,/data/luonghc/benchmark_zalotts_v2/compare_231127/version1/s188_vf4.wav,Kiểu nghệ thuật traditional đang ngày càng bị lãng quên.,https://api.zalo.ai/ailab_video/label_supplier/tts_compare//data/luonghc/benchmark_zalotts_v2/compare_231127/version0/s188_vf4.wav,https://api.zalo.ai/ailab_video/label_supplier/tts_compare//data/luonghc/benchmark_zalotts_v2/compare_231127/version1/s188_vf4.wav
/data/luonghc/benchmark_zalotts_v2/compare_231127/version0/s189_vf4.wav,/data/luonghc/benchmark_zalotts_v2/compare_231127/version1/s189_vf4.wav,Hãy hỏi tiếp vì nó important đối với bản thân bạn in the future?,https://api.zalo.ai/ailab_video/label_supplier/tts_compare//data/luonghc/benchmark_zalotts_v2/compare_231127/version0/s189_vf4.wav,https://api.zalo.ai/ailab_video/label_supplier/tts_compare//data/luonghc/benchmark_zalotts_v2/compare_231127/version1/s189_vf4.wav
/data/luonghc/benchmark_zalotts_v2/compare_231127/version0/s190_vf4.wav,/data/luonghc/benchmark_zalotts_v2/compare_231127/version1/s190_vf4.wav,"Nếu bạn phải answer các question, hãy thoải mái vì điều đó.",https://api.zalo.ai/ailab_video/label_supplier/tts_compare//data/luonghc/benchmark_zalotts_v2/compare_231127/version0/s190_vf4.wav,https://api.zalo.ai/ailab_video/label_supplier/tts_compare//data/luonghc/benchmark_zalotts_v2/compare_231127/version1/s190_vf4.wav
/data/luonghc/benchmark_zalotts_v2/compare_231127/version0/s191_vf4.wav,/data/luonghc/benchmark_zalotts_v2/compare_231127/version1/s191_vf4.wav,Tôi remember trước đây cô ấy là excellent của trường.,https://api.zalo.ai/ailab_video/label_supplier/tts_compare//data/luonghc/benchmark_zalotts_v2/compare_231127/version0/s191_vf4.wav,https://api.zalo.ai/ailab_video/label_supplier/tts_compare//data/luonghc/benchmark_zalotts_v2/compare_231127/version1/s191_vf4.wav
/data/luonghc/benchmark_zalotts_v2/compare_231127/version0/s192_vf4.wav,/data/luonghc/benchmark_zalotts_v2/compare_231127/version1/s192_vf4.wav,Hãy chọn một trong ba topic để giúp student relax và improve các skills.,https://api.zalo.ai/ailab_video/label_supplier/tts_compare//data/luonghc/benchmark_zalotts_v2/compare_231127/version0/s192_vf4.wav,https://api.zalo.ai/ailab_video/label_supplier/tts_compare//data/luonghc/benchmark_zalotts_v2/compare_231127/version1/s192_vf4.wav
/data/luonghc/benchmark_zalotts_v2/compare_231127/version0/s193_vf4.wav,/data/luonghc/benchmark_zalotts_v2/compare_231127/version1/s193_vf4.wav,Best way để giải quyết problem là find sự support của family and friend.,https://api.zalo.ai/ailab_video/label_supplier/tts_compare//data/luonghc/benchmark_zalotts_v2/compare_231127/version0/s193_vf4.wav,https://api.zalo.ai/ailab_video/label_supplier/tts_compare//data/luonghc/benchmark_zalotts_v2/compare_231127/version1/s193_vf4.wav
/data/luonghc/benchmark_zalotts_v2/compare_231127/version1/s194_vf4.wav,/data/luonghc/benchmark_zalotts_v2/compare_231127/version0/s194_vf4.wav,Tôi cảm thấy rất nervous khi hỏi doctor về tình hình.,https://api.zalo.ai/ailab_video/label_supplier/tts_compare//data/luonghc/benchmark_zalotts_v2/compare_231127/version1/s194_vf4.wav,https://api.zalo.ai/ailab_video/label_supplier/tts_compare//data/luonghc/benchmark_zalotts_v2/compare_231127/version0/s194_vf4.wav
/data/luonghc/benchmark_zalotts_v2/compare_231127/version0/s195_vf4.wav,/data/luonghc/benchmark_zalotts_v2/compare_231127/version1/s195_vf4.wav,Chúng tôi phải prepare something cho buổi bảo vệ thesis vào tomorrow.,https://api.zalo.ai/ailab_video/label_supplier/tts_compare//data/luonghc/benchmark_zalotts_v2/compare_231127/version0/s195_vf4.wav,https://api.zalo.ai/ailab_video/label_supplier/tts_compare//data/luonghc/benchmark_zalotts_v2/compare_231127/version1/s195_vf4.wav
/data/luonghc/benchmark_zalotts_v2/compare_231127/version0/s196_vf4.wav,/data/luonghc/benchmark_zalotts_v2/compare_231127/version1/s196_vf4.wav,"Họ phải có smart phone, bởi vì đó là phương tiện duy nhất để contact other people.",https://api.zalo.ai/ailab_video/label_supplier/tts_compare//data/luonghc/benchmark_zalotts_v2/compare_231127/version0/s196_vf4.wav,https://api.zalo.ai/ailab_video/label_supplier/tts_compare//data/luonghc/benchmark_zalotts_v2/compare_231127/version1/s196_vf4.wav
/data/luonghc/benchmark_zalotts_v2/compare_231127/version1/s197_vf4.wav,/data/luonghc/benchmark_zalotts_v2/compare_231127/version0/s197_vf4.wav,Poster Đất rừng phương Nam đạo ý tưởng phim Hollywood?,https://api.zalo.ai/ailab_video/label_supplier/tts_compare//data/luonghc/benchmark_zalotts_v2/compare_231127/version1/s197_vf4.wav,https://api.zalo.ai/ailab_video/label_supplier/tts_compare//data/luonghc/benchmark_zalotts_v2/compare_231127/version0/s197_vf4.wav
/data/luonghc/benchmark_zalotts_v2/compare_231127/version0/s198_vf4.wav,/data/luonghc/benchmark_zalotts_v2/compare_231127/version1/s198_vf4.wav,Sky Pool là bể bơi vô cực thuộc khu phức hợp căn hộ cao cấp Market Square Tower.,https://api.zalo.ai/ailab_video/label_supplier/tts_compare//data/luonghc/benchmark_zalotts_v2/compare_231127/version0/s198_vf4.wav,https://api.zalo.ai/ailab_video/label_supplier/tts_compare//data/luonghc/benchmark_zalotts_v2/compare_231127/version1/s198_vf4.wav
/data/luonghc/benchmark_zalotts_v2/compare_231127/version1/s199_vf4.wav,/data/luonghc/benchmark_zalotts_v2/compare_231127/version0/s199_vf4.wav,Hội đồng quản trị Open ây ai từng nhận thư cảnh báo trước khi sa thải Sam Altman.,https://api.zalo.ai/ailab_video/label_supplier/tts_compare//data/luonghc/benchmark_zalotts_v2/compare_231127/version1/s199_vf4.wav,https://api.zalo.ai/ailab_video/label_supplier/tts_compare//data/luonghc/benchmark_zalotts_v2/compare_231127/version0/s199_vf4.wav
